SMILES,GROUP LABEL,LABEL,GROUP INDEX,TOTAL LABEL,GROUP SELFIES
C(Cl)(Cl)Cl,[],1,[],"[8, 8, 8, 8, 8, 8, 8, 8]",[C][Branch][Cl][pop][Branch][Cl][pop][Cl]
C1(=O)C2(C3(C4(C1(C5(C2(C3(C(C45Cl)(Cl)Cl)Cl)Cl)Cl)Cl)Cl)Cl)Cl,[2],1,[0],"[2, 8, 8, 8, 8, 8, 8, 8, 8, 8, 8, 8, 8, 8, 8, 8, 8, 8, 8, 8, 8, 8, 8, 8, 8, 8, 8, 8, 8, 8, 8, 8, 8, 8, 8, 8, 8, 8, 8, 8, 8, 8, 8, 8, 8, 8, 8, 8, 8, 8, 8, 8, 8, 8, 8, 8, 8, 8]",[:0carbonyl][C][C][Branch][C][Branch][C][Branch][C][Branch][C][Branch][C][Branch][C][Branch][C][Branch][C][Branch][Cl][pop][Ring1][#Branch][Ring1][Branch][pop][Branch][Cl][pop][Cl][pop][Branch][Cl][pop][Ring1][=Branch][pop][Branch][Cl][pop][Ring1][=Branch][pop][Cl][pop][Branch][Cl][pop][Ring1][Branch][pop][Cl][pop][Cl][pop][Cl][pop]
C(=C(Cl)Cl)Cl,[],1,[],"[8, 8, 8, 8, 8, 8, 8, 8, 8]",[C][=Branch][=C][Branch][Cl][pop][Cl][pop][Cl]
CNC(=O)CSP(=S)(OC)OC,[2],0,[2],"[8, 8, 2, 8, 8, 8, 8, 8, 8, 8, 8, 8, 8, 8, 8, 8, 8]",[C][N][:0carbonyl][Ring1][C][S][P][=Branch][=S][pop][Branch][O][C][pop][O][C][pop]
C(C(=O)O)N(CC(=O)O)CC(=O)O,"[6, 6, 6]",1,"[2, 7, 10]","[8, 8, 6, 8, 8, 8, 8, 6, 8, 8, 6]",[C][Branch][:1carboxyl][pop][N][Branch][C][:1carboxyl][pop][C][:1carboxyl]
C(C(=O)O[Na])N(CC(=O)O[Na])CC(=O)O[Na],"[6, 6, 6]",0,"[2, 10, 16]","[8, 8, 6, 8, 8, 8, 8, 8, 8, 8, 6, 8, 8, 8, 8, 8, 6, 8, 8, 8]",[C][Branch][:1carboxyl][Ring1][NaH0][pop][pop][N][Branch][C][:1carboxyl][Ring1][NaH0][pop][pop][C][:1carboxyl][Ring1][NaH0][pop]
c1ccc(cc1)CCNC(=N)NC(=N)N,"[0, 3]",0,"[0, 14]","[0, 8, 8, 8, 8, 8, 8, 8, 8, 8, 8, 8, 8, 8, 3, 8]",[:0benzene][Branch][C][C][N][C][=Branch][=N][pop][N][C][=Branch][=N][pop][:0amido][pop]
C1C2C(C(C1Cl)Cl)C3(C(=C(C2(C3(Cl)Cl)Cl)Cl)Cl)Cl,[],1,[],"[8, 8, 8, 8, 8, 8, 8, 8, 8, 8, 8, 8, 8, 8, 8, 8, 8, 8, 8, 8, 8, 8, 8, 8, 8, 8, 8, 8, 8, 8, 8, 8, 8, 8, 8, 8, 8, 8, 8, 8, 8, 8, 8, 8]",[C][C][C][Branch][C][Branch][C][Branch][Cl][pop][Ring1][Branch][pop][Cl][pop][C][Branch][C][=Branch][=C][Branch][C][Branch][C][Branch][Cl][pop][Branch][Cl][pop][Ring1][Branch][pop][Branch][Cl][pop][Ring1][=N][pop][Cl][pop][Cl][pop][Cl]
C1=CC(C2C1C3(C(=C(C2(C3(Cl)Cl)Cl)Cl)Cl)Cl)Cl,[],1,[],"[8, 8, 8, 8, 8, 8, 8, 8, 8, 8, 8, 8, 8, 8, 8, 8, 8, 8, 8, 8, 8, 8, 8, 8, 8, 8, 8, 8, 8, 8, 8, 8, 8, 8, 8, 8, 8, 8, 8, 8, 8]",[C][=C][C][Branch][C][C][Branch][C][Branch][C][=Branch][=C][Branch][C][Branch][C][Branch][Cl][pop][Branch][Cl][pop][Ring1][Branch][pop][Branch][Cl][pop][Ring1][=Branch][pop][Cl][pop][Cl][pop][Cl][pop][Ring1][Branch][pop][Cl]
COP(=O)(OC)OC=C(Cl)Cl,[],0,[],"[8, 8, 8, 8, 8, 8, 8, 8, 8, 8, 8, 8, 8, 8, 8, 8, 8]",[C][O][P][=Branch][=O][pop][Branch][O][C][pop][O][C][=C][Branch][Cl][pop][Cl]
C(CN(CC(=O)O[Na])CC(=O)O[Na])N(CC(=O)O)CC(=O)O[Na],"[6, 6, 6, 6]",0,"[6, 12, 20, 23]","[8, 8, 8, 8, 8, 8, 6, 8, 8, 8, 8, 8, 6, 8, 8, 8, 8, 8, 8, 8, 6, 8, 8, 6, 8, 8, 8]",[C][Branch][C][N][Branch][C][:1carboxyl][Ring1][NaH0][pop][pop][C][:1carboxyl][Ring1][NaH0][pop][pop][N][Branch][C][:1carboxyl][pop][C][:1carboxyl][Ring1][NaH0][pop]
C1C2C3C(C1C4C2O4)C5(C(=C(C3(C5(Cl)Cl)Cl)Cl)Cl)Cl,[],0,[],"[8, 8, 8, 8, 8, 8, 8, 8, 8, 8, 8, 8, 8, 8, 8, 8, 8, 8, 8, 8, 8, 8, 8, 8, 8, 8, 8, 8, 8, 8, 8, 8, 8, 8, 8, 8, 8, 8, 8, 8, 8, 8, 8, 8, 8, 8, 8, 8, 8]",[C][C][C][C][Branch][C][Branch][C][C][Branch][O][Ring1][Ring1][pop][Ring1][=Branch][pop][Ring1][Branch][pop][C][Branch][C][=Branch][=C][Branch][C][Branch][C][Branch][Cl][pop][Branch][Cl][pop][Ring1][Branch][pop][Branch][Cl][pop][Ring1][=N][pop][Cl][pop][Cl][pop][Cl]
C(=C(Cl)Cl)(Cl)Cl,[],1,[],"[8, 8, 8, 8, 8, 8, 8, 8, 8, 8, 8, 8]",[C][=Branch][=C][Branch][Cl][pop][Cl][pop][Branch][Cl][pop][Cl]
C1(C(C(C(C(C1Cl)Cl)Cl)Cl)Cl)Cl,[],0,[],"[8, 8, 8, 8, 8, 8, 8, 8, 8, 8, 8, 8, 8, 8, 8, 8, 8, 8, 8, 8, 8, 8, 8, 8, 8, 8]",[C][Branch][C][Branch][C][Branch][C][Branch][C][Branch][C][Branch][Cl][pop][Ring1][=Branch][pop][Cl][pop][Cl][pop][Cl][pop][Cl][pop][Cl]
C1C=CCC2C1C(=O)N(C2=O)SC(Cl)(Cl)Cl,"[7, 2, 2]",1,"[0, 2, 6]","[7, 8, 2, 8, 8, 8, 2, 8, 8, 8, 8, 8, 8, 8, 8, 8, 8, 8, 8, 8, 8, 8, 8]",[:0cyclohexene][O][:0carbonyl][Ring1][N][Branch][:0carbonyl][Ring1][Ring1][=C][pop][pop][S][C][Branch][Cl][pop][Branch][Cl][pop][Cl][pop][pop]
CCN(CC)C(=O)C(=C(C)OP(=O)(OC)OC)Cl,[2],0,[7],"[8, 8, 8, 8, 8, 8, 8, 2, 8, 8, 8, 8, 8, 8, 8, 8, 8, 8, 8, 8, 8, 8, 8, 8, 8, 8, 8, 8, 8]",[C][C][N][Branch][C][C][pop][:0carbonyl][Ring1][C][=Branch][=C][Branch][C][pop][O][P][=Branch][=O][pop][Branch][O][C][pop][O][C][pop][Cl][pop]
C12C3C(C4C1C5(C(C3(C4(C5(Cl)Cl)Cl)Cl)Cl)Cl)C6C2O6,[],0,[],"[8, 8, 8, 8, 8, 8, 8, 8, 8, 8, 8, 8, 8, 8, 8, 8, 8, 8, 8, 8, 8, 8, 8, 8, 8, 8, 8, 8, 8, 8, 8, 8, 8, 8, 8, 8, 8, 8, 8, 8, 8, 8, 8, 8, 8, 8, 8, 8, 8, 8, 8, 8, 8, 8]",[C][C][C][Branch][C][C][Branch][C][Branch][C][Branch][C][Branch][C][Branch][C][Branch][Cl][pop][Branch][Cl][pop][Ring1][Branch][pop][Branch][Cl][pop][Ring1][=Branch][pop][Branch][Cl][pop][Ring1][#Branch][pop][Cl][pop][Cl][pop][Ring1][Branch][pop][C][C][Branch][O][Ring1][Ring1][pop][Ring2][Ring1][Branch]
CC(C)NC(=O)c1ccc(cc1)CNNC,"[2, 0]",1,"[6, 8]","[8, 8, 8, 8, 8, 8, 2, 8, 0, 8, 8, 8, 8, 8, 8, 8]",[C][C][Branch][C][pop][N][:0carbonyl][Ring1][:0benzene][Branch][C][N][N][C][pop][pop]
c1cc(ccc1N)S(=O)(=O)c2ccc(cc2)N,"[0, 0, 3, 3]",0,"[0, 9, 11, 15]","[0, 8, 8, 8, 8, 8, 8, 8, 8, 0, 8, 3, 8, 8, 8, 3, 8]",[:0benzene][Ring2][S][=Branch][=O][pop][=Branch][=O][pop][:0benzene][Branch][:0amido][pop][pop][Branch][:0amido][pop]
C1C2C=CC1C3C2C4(C(=C(C3(C4(Cl)Cl)Cl)Cl)Cl)Cl,[],0,[],"[8, 8, 8, 8, 8, 8, 8, 8, 8, 8, 8, 8, 8, 8, 8, 8, 8, 8, 8, 8, 8, 8, 8, 8, 8, 8, 8, 8, 8, 8, 8, 8, 8, 8, 8, 8, 8, 8, 8, 8, 8, 8, 8, 8]",[C][C][C][=C][C][Branch][C][C][Branch][C][Branch][C][=Branch][=C][Branch][C][Branch][C][Branch][Cl][pop][Branch][Cl][pop][Ring1][Branch][pop][Branch][Cl][pop][Ring1][=Branch][pop][Cl][pop][Cl][pop][Cl][pop][Ring1][=Branch][pop][Ring1][Branch]
C1C2C3C(C1C4C2O4)C5(C(=C(C3(C5(Cl)Cl)Cl)Cl)Cl)Cl,[],0,[],"[8, 8, 8, 8, 8, 8, 8, 8, 8, 8, 8, 8, 8, 8, 8, 8, 8, 8, 8, 8, 8, 8, 8, 8, 8, 8, 8, 8, 8, 8, 8, 8, 8, 8, 8, 8, 8, 8, 8, 8, 8, 8, 8, 8, 8, 8, 8, 8, 8]",[C][C][C][C][Branch][C][Branch][C][C][Branch][O][Ring1][Ring1][pop][Ring1][=Branch][pop][Ring1][Branch][pop][C][Branch][C][=Branch][=C][Branch][C][Branch][C][Branch][Cl][pop][Branch][Cl][pop][Ring1][Branch][pop][Branch][Cl][pop][Ring1][=N][pop][Cl][pop][Cl][pop][Cl]
c1(c(c(nc(c1Cl)Cl)C(=O)O)Cl)N,"[6, 3]",0,"[18, 22]","[8, 8, 8, 8, 8, 8, 8, 8, 8, 8, 8, 8, 8, 8, 8, 8, 8, 8, 6, 8, 8, 8, 3]",[C][=Branch][=C][Branch][C][=Branch][=N][C][=Branch][=C][Branch][Cl][pop][Ring1][=Branch][pop][Cl][pop][:1carboxyl][pop][Cl][pop][:0amido]
CCOC(=O)CC(C(=O)OCC)SP(=S)(OC)OC,"[6, 6]",0,"[2, 7]","[8, 8, 6, 8, 8, 8, 8, 6, 8, 8, 8, 8, 8, 8, 8, 8, 8, 8, 8, 8, 8, 8, 8, 8, 8]",[C][C][:0carboxyl][Ring1][C][C][Branch][:1carboxyl][Ring1][C][C][pop][pop][S][P][=Branch][=S][pop][Branch][O][C][pop][O][C][pop]
c1c(cc(c(c1C(=O)O)Cl)N)Cl,"[0, 3, 6]",1,"[0, 5, 11]","[0, 8, 8, 8, 8, 3, 8, 8, 8, 8, 8, 6, 8]",[:0benzene][Ring1][Cl][pop][Ring2][:0amido][pop][Ring1][Cl][pop][Ring1][:1carboxyl][pop]
c1cc(ccc1[N+](=O)[O-])Oc2ccc(cc2Cl)Cl,"[0, 0, 1]",1,"[0, 3, 12]","[0, 8, 8, 0, 8, 8, 8, 8, 8, 8, 8, 8, 1, 8]",[:0benzene][Ring2][O][:0benzene][Branch][Cl][pop][Ring2][Cl][pop][pop][Branch][:0nitro][pop]
C(C(Cl)Cl)(Cl)Cl,[],1,[],"[8, 8, 8, 8, 8, 8, 8, 8, 8, 8, 8, 8]",[C][Branch][C][Branch][Cl][pop][Cl][pop][Branch][Cl][pop][Cl]
C(C(CBr)Br)Cl,[],1,[],"[8, 8, 8, 8, 8, 8, 8, 8, 8, 8]",[C][Branch][C][Branch][C][Br][pop][Br][pop][Cl]
Cc1ccc2c(c1[N+](=O)[O-])C(=O)c3ccccc3C2=O,"[0, 2, 0, 2, 1]",1,"[1, 3, 5, 7, 16]","[8, 0, 8, 2, 8, 0, 8, 2, 8, 8, 8, 8, 8, 8, 8, 8, 1, 8]",[C][:0benzene][=Branch][:0carbonyl][Ring1][:0benzene][#Branch][:0carbonyl][Ring1][Ring1][S][pop][pop][pop][pop][Ring1][:0nitro][pop]
CC(=O)C(C(=O)Nc1ccccc1)N=Nc2ccc(cc2Cl)c3ccc(c(c3)Cl)N=NC(C(=O)C)C(=O)Nc4ccccc4,"[2, 2, 0, 0, 0, 2, 2, 0]",0,"[1, 5, 8, 13, 15, 21, 26, 29]","[8, 2, 8, 8, 8, 2, 8, 8, 0, 8, 8, 8, 8, 0, 8, 0, 8, 8, 8, 8, 8, 2, 8, 8, 8, 8, 2, 8, 8, 0, 8, 8, 8, 8, 8, 8, 8, 8, 8, 8]",[C][:0carbonyl][Ring1][C][Branch][:0carbonyl][Ring1][N][:0benzene][pop][pop][N][=N][:0benzene][Branch][:0benzene][Branch][N][=N][C][Branch][:0carbonyl][Ring1][C][pop][pop][:0carbonyl][Ring1][N][:0benzene][pop][pop][Ring1][Cl][pop][pop][Ring2][Cl][pop][pop]
CCCCNC(=O)NS(=O)(=O)c1ccc(cc1)C,"[2, 0]",0,"[5, 15]","[8, 8, 8, 8, 8, 2, 8, 8, 8, 8, 8, 8, 8, 8, 8, 0, 8, 8, 8, 8]",[C][C][C][C][N][:0carbonyl][Ring1][N][S][=Branch][=O][pop][=Branch][=O][pop][:0benzene][Branch][C][pop][pop]
C1CN(P(=O)(OC1)NCCCl)CCCl,[],1,[],"[8, 8, 8, 8, 8, 8, 8, 8, 8, 8, 8, 8, 8, 8, 8, 8, 8, 8, 8, 8, 8, 8]",[C][C][N][Branch][P][=Branch][=O][pop][Branch][O][C][Ring1][#Branch][pop][N][C][C][Cl][pop][C][C][Cl]
COP(=O)(OC)OC(=CCl)c1cc(c(cc1Cl)Cl)Cl,[0],1,[16],"[8, 8, 8, 8, 8, 8, 8, 8, 8, 8, 8, 8, 8, 8, 8, 8, 0, 8, 8, 8, 8, 8, 8, 8, 8, 8]",[C][O][P][=Branch][=O][pop][Branch][O][C][pop][O][C][=Branch][=C][Cl][pop][:0benzene][Ring2][Cl][pop][Ring1][Cl][pop][Ring2][Cl][pop]
CCCN(CCC)c1c(cc(cc1[N+](=O)[O-])C(F)(F)F)[N+](=O)[O-],"[0, 1, 1]",1,"[9, 11, 24]","[8, 8, 8, 8, 8, 8, 8, 8, 8, 0, 8, 1, 8, 8, 8, 8, 8, 8, 8, 8, 8, 8, 8, 8, 1, 8]",[C][C][C][N][Branch][C][C][C][pop][:0benzene][Ring1][:0nitro][pop][Ring2][C][Branch][F][pop][Branch][F][pop][F][pop][Ring2][:0nitro][pop]
COc1ccc(cc1)C(c2ccc(cc2)OC)C(Cl)(Cl)Cl,"[0, 0]",0,"[2, 6]","[8, 8, 0, 8, 8, 8, 0, 8, 8, 8, 8, 8, 8, 8, 8, 8, 8, 8, 8, 8, 8]",[C][O][:0benzene][Branch][C][Branch][:0benzene][Branch][O][C][pop][pop][C][Branch][Cl][pop][Branch][Cl][pop][Cl][pop]
c1ccc(c(c1)C(=O)O)N,"[0, 3, 6]",0,"[0, 2, 5]","[0, 8, 3, 8, 8, 6, 8]",[:0benzene][Branch][:0amido][pop][Ring1][:1carboxyl][pop]
C(#N)c1c(c(c(c(c1Cl)Cl)Cl)C#N)Cl,"[5, 0, 5]",0,"[0, 2, 7]","[5, 8, 0, 8, 8, 8, 8, 5, 8, 8, 8, 8, 8, 8, 8, 8, 8, 8, 8]",[:0cyano][C][:0benzene][Ring1][Cl][pop][Ring1][:0cyano][pop][Ring1][Cl][pop][Ring1][Cl][pop][Ring1][Cl][pop][pop]
[CH+]1N=C([N-]C(=O)[N+]1C2C(C(C(O2)CO)O)O)N,"[2, 4, 4, 4, 3]",1,"[5, 21, 23, 25, 31]","[8, 8, 8, 8, 8, 2, 8, 8, 8, 8, 8, 8, 8, 8, 8, 8, 8, 8, 8, 8, 8, 4, 8, 4, 8, 4, 8, 8, 8, 8, 8, 3]",[CH1+1][N][=C][Branch][NH0-1][:0carbonyl][Ring1][NH0+1][Branch][C][C][Branch][C][Branch][C][Branch][O][Ring1][Branch][pop][C][:0hydroxyl][pop][:0hydroxyl][pop][:0hydroxyl][pop][Ring1][#Branch][pop][pop][:0amido]
CCCNC(=O)NS(=O)(=O)c1ccc(cc1)Cl,"[2, 0]",0,"[4, 14]","[8, 8, 8, 8, 2, 8, 8, 8, 8, 8, 8, 8, 8, 8, 0, 8, 8, 8, 8]",[C][C][C][N][:0carbonyl][Ring1][N][S][=Branch][=O][pop][=Branch][=O][pop][:0benzene][Branch][Cl][pop][pop]
CCc1cc(ccn1)C(=S)N,[3],0,[16],"[8, 8, 8, 8, 8, 8, 8, 8, 8, 8, 8, 8, 8, 8, 8, 8, 3]",[C][C][C][=C][C][=Branch][=C][C][=N][Ring1][=Branch][pop][C][=Branch][=S][pop][:0amido]
c1cc(ccc1N)Sc2ccc(cc2)N,"[0, 0, 3, 3]",1,"[0, 3, 5, 9]","[0, 8, 8, 0, 8, 3, 8, 8, 8, 3, 8]",[:0benzene][Ring2][S][:0benzene][Branch][:0amido][pop][pop][Branch][:0amido][pop]
CC(=O)c1ccc(cc1)S(=O)(=O)NC(=O)NC2CCCCC2,"[2, 0, 2]",0,"[1, 3, 13]","[8, 2, 8, 0, 8, 8, 8, 8, 8, 8, 8, 8, 8, 2, 8, 8, 8, 8, 8, 8, 8, 8, 8, 8, 8, 8, 8]",[C][:0carbonyl][Ring1][:0benzene][Branch][S][=Branch][=O][pop][=Branch][=O][pop][N][:0carbonyl][Ring1][N][C][C][C][C][C][C][Ring1][=Branch][pop][pop][pop]
Cc1ccc(cc1)S(=O)(=O)NC(=O)NN2CCCCCC2,"[0, 2]",0,"[1, 11]","[8, 0, 8, 8, 8, 8, 8, 8, 8, 8, 8, 2, 8, 8, 8, 8, 8, 8, 8, 8, 8, 8, 8, 8, 8]",[C][:0benzene][Branch][S][=Branch][=O][pop][=Branch][=O][pop][N][:0carbonyl][Ring1][N][N][C][C][C][C][C][C][Ring1][#Branch][pop][pop]
C(C[N+](=O)[O-])C(=O)O,"[1, 6]",0,"[3, 5]","[8, 8, 8, 1, 8, 6]",[C][Branch][C][:0nitro][pop][:1carboxyl]
c1c(sc(n1)N)[N+](=O)[O-],"[3, 1]",0,"[10, 12]","[8, 8, 8, 8, 8, 8, 8, 8, 8, 8, 3, 8, 1]",[C][=C][Branch][S][C][=Branch][=N][Ring1][Branch][pop][:0amido][pop][:0nitro]
Cc1ccc(cc1[N+](=O)[O-])[N+](=O)[O-],"[0, 1, 1]",0,"[1, 3, 6]","[8, 0, 8, 1, 8, 8, 1, 8]",[C][:0benzene][Branch][:0nitro][pop][Ring2][:0nitro][pop]
C(CCl)Cl,[],1,[],"[8, 8, 8, 8, 8, 8]",[C][Branch][C][Cl][pop][Cl]
C1CCC(CC1)NC(=S)NC2CCCCC2,[],0,[],"[8, 8, 8, 8, 8, 8, 8, 8, 8, 8, 8, 8, 8, 8, 8, 8, 8, 8, 8, 8, 8, 8, 8, 8]",[C][C][C][C][Branch][C][C][Ring1][=Branch][pop][N][C][=Branch][=S][pop][N][C][C][C][C][C][C][Ring1][=Branch]
C1CN1P(=S)(N2CC2)N3CC3,[],1,[],"[8, 8, 8, 8, 8, 8, 8, 8, 8, 8, 8, 8, 8, 8, 8, 8, 8, 8, 8, 8, 8, 8, 8]",[C][C][N][Branch][P][=Branch][=S][pop][Branch][N][C][C][Ring1][Ring1][pop][N][C][C][Ring1][Ring1][pop][Ring1][Ring1]
CC12CCC3c4ccc(cc4CCC3C1CCC2OC(=O)Cc5ccc(cc5)N(CCCl)CCCl)OC(=O)Cc6ccc(cc6)N(CCCl)CCCl,"[0, 6, 0, 6, 0]",1,"[5, 7, 10, 35, 38]","[8, 8, 8, 8, 8, 0, 8, 6, 8, 8, 0, 8, 8, 8, 8, 8, 8, 8, 8, 8, 8, 8, 8, 8, 8, 8, 8, 8, 8, 8, 8, 8, 8, 8, 8, 6, 8, 8, 0, 8, 8, 8, 8, 8, 8, 8, 8, 8, 8, 8, 8, 8, 8, 8, 8, 8, 8, 8, 8, 8, 8, 8, 8, 8]",[C][C][C][C][C][:0benzene][Branch][:0carboxyl][Ring1][C][:0benzene][Branch][N][Branch][C][C][Cl][pop][C][C][Cl][pop][pop][pop][Ring2][C][C][C][Branch][C][Branch][C][C][C][Branch][:0carboxyl][Ring1][C][:0benzene][Branch][N][Branch][C][C][Cl][pop][C][C][Cl][pop][pop][pop][Ring2][Ring2][#Branch][pop][Ring2][Ring2][Ring2][pop][Ring2][Ring1][S][pop]
CC(C)CCCC(C)C1CCC2C1(CCC3C2CC=C4C3(CCC(C4)OC(=O)Cc5ccc(cc5)N(CCCl)CCCl)C)C,"[7, 6, 0]",1,"[20, 30, 33]","[8, 8, 8, 8, 8, 8, 8, 8, 8, 8, 8, 8, 8, 8, 8, 8, 8, 8, 8, 8, 7, 8, 8, 8, 8, 8, 8, 8, 8, 8, 6, 8, 8, 0, 8, 8, 8, 8, 8, 8, 8, 8, 8, 8, 8, 8, 8, 8, 8, 8, 8, 8, 8, 8, 8, 8, 8, 8, 8, 8]",[C][C][Branch][C][pop][C][C][C][C][Branch][C][pop][C][C][C][C][C][Branch][C][C][:4cyclohexene][=N][C][C][C][Branch][C][Ring1][S][pop][:0carboxyl][Ring1][C][:0benzene][Branch][N][Branch][C][C][Cl][pop][C][C][Cl][pop][pop][pop][Ring1][C][pop][Branch][Ring1][=C][pop][pop][Branch][C][pop][Ring1][Branch]
c1(c(c(c(c(c1Cl)Cl)Cl)Cl)Cl)[N+](=O)[O-],"[0, 1]",0,"[0, 2]","[0, 8, 1, 8, 8, 8, 8, 8, 8, 8, 8, 8, 8, 8, 8, 8, 8, 8, 8]",[:0benzene][C][:0nitro][pop][Ring1][Cl][pop][Ring1][Cl][pop][Ring1][Cl][pop][Ring1][Cl][pop][Ring1][Cl][pop]
C1C2C(COS(=O)O1)C3(C(=C(C2(C3(Cl)Cl)Cl)Cl)Cl)Cl,[],0,[],"[8, 8, 8, 8, 8, 8, 8, 8, 8, 8, 8, 8, 8, 8, 8, 8, 8, 8, 8, 8, 8, 8, 8, 8, 8, 8, 8, 8, 8, 8, 8, 8, 8, 8, 8, 8, 8, 8, 8, 8, 8, 8, 8]",[C][C][C][Branch][C][O][S][=Branch][=O][pop][O][Ring1][O][pop][C][Branch][C][=Branch][=C][Branch][C][Branch][C][Branch][Cl][pop][Branch][Cl][pop][Ring1][Branch][pop][Branch][Cl][pop][Ring1][=C][pop][Cl][pop][Cl][pop][Cl]
c1cc(c(cc1Cl)N)N,"[0, 3, 3]",1,"[0, 2, 5]","[0, 8, 3, 8, 8, 3, 8, 8, 8, 8]",[:0benzene][Ring2][:0amido][pop][Ring1][:0amido][pop][Ring2][Cl][pop]
c1ccc2c(c1)cccc2[N+](=O)[O-],"[0, 1]",0,"[0, 7]","[0, 8, 8, 8, 8, 8, 8, 1, 8, 8, 8, 8]",[:0benzene][=Branch][C][=C][C][=C][Branch][:0nitro][pop][Ring1][#Branch][pop]
C([N+](=O)[O-])(Cl)(Cl)Cl,[1],0,[2],"[8, 8, 1, 8, 8, 8, 8, 8, 8, 8, 8]",[C][Branch][:0nitro][pop][Branch][Cl][pop][Branch][Cl][pop][Cl]
C(C(Cl)(Cl)Cl)(Cl)(Cl)Cl,[],1,[],"[8, 8, 8, 8, 8, 8, 8, 8, 8, 8, 8, 8, 8, 8, 8, 8, 8, 8]",[C][Branch][C][Branch][Cl][pop][Branch][Cl][pop][Cl][pop][Branch][Cl][pop][Branch][Cl][pop][Cl]
CCOP(=S)(OCC)Oc1ccc(cc1)[N+](=O)[O-],"[0, 1]",0,"[13, 15]","[8, 8, 8, 8, 8, 8, 8, 8, 8, 8, 8, 8, 8, 0, 8, 1, 8]",[C][C][O][P][=Branch][=S][pop][Branch][O][C][C][pop][O][:0benzene][Branch][:0nitro][pop]
c1ccc2=[NH+][CH+]C(=c2c1)CC(C(=O)O)N,"[6, 3]",0,"[20, 22]","[8, 8, 8, 8, 8, 8, 8, 8, 8, 8, 8, 8, 8, 8, 8, 8, 8, 8, 8, 8, 6, 8, 3]",[C][C][=C][C][=NH1+1][CH1+1][C][=Branch][=C][Branch][C][=Ring1][N][pop][Ring1][Branch][pop][C][C][Branch][:1carboxyl][pop][:0amido]
CC(COc1ccccc1)N(CCCl)Cc2ccccc2,"[0, 0]",1,"[5, 14]","[8, 8, 8, 8, 8, 0, 8, 8, 8, 8, 8, 8, 8, 8, 0]",[C][C][Branch][C][O][:0benzene][pop][N][Branch][C][C][Cl][pop][C][:0benzene]
C(C(Cl)Cl)Cl,[],1,[],"[8, 8, 8, 8, 8, 8, 8, 8, 8]",[C][Branch][C][Branch][Cl][pop][Cl][pop][Cl]
CCOC(=O)C(c1ccc(cc1)Cl)(c2ccc(cc2)Cl)O,"[6, 0, 0, 4]",1,"[2, 6, 12, 17]","[8, 8, 6, 8, 8, 8, 0, 8, 8, 8, 8, 8, 0, 8, 8, 8, 8, 4, 8]",[C][C][:0carboxyl][Ring1][C][Branch][:0benzene][Branch][Cl][pop][pop][Branch][:0benzene][Branch][Cl][pop][pop][:0hydroxyl][pop]
C(C(CBr)Br)OP(=O)(OCC(CBr)Br)OCC(CBr)Br,[],1,[],"[8, 8, 8, 8, 8, 8, 8, 8, 8, 8, 8, 8, 8, 8, 8, 8, 8, 8, 8, 8, 8, 8, 8, 8, 8, 8, 8, 8, 8, 8, 8, 8]",[C][Branch][C][Branch][C][Br][pop][Br][pop][O][P][=Branch][=O][pop][Branch][O][C][C][Branch][C][Br][pop][Br][pop][O][C][C][Branch][C][Br][pop][Br]
CCc1c(c(nc(n1)N)N)c2ccc(cc2)Cl,"[3, 3, 0]",0,"[14, 16, 18]","[8, 8, 8, 8, 8, 8, 8, 8, 8, 8, 8, 8, 8, 8, 3, 8, 3, 8, 0, 8, 8, 8]",[C][C][C][=C][Branch][C][=Branch][=N][C][=Branch][=N][Ring1][=Branch][pop][:0amido][pop][:0amido][pop][:0benzene][Branch][Cl][pop]
CC(CN1CC(=O)NC(=O)C1)N2CC(=O)NC(=O)C2,"[2, 2, 2, 2]",1,"[6, 9, 19, 22]","[8, 8, 8, 8, 8, 8, 2, 8, 8, 2, 8, 8, 8, 8, 8, 8, 8, 8, 8, 2, 8, 8, 2, 8, 8, 8, 8, 8, 8]",[C][C][Branch][C][N][C][:0carbonyl][Ring1][N][:0carbonyl][Ring1][C][Ring1][O][pop][pop][pop][N][C][:0carbonyl][Ring1][N][:0carbonyl][Ring1][C][Ring1][O][pop][pop]
C1COCCO1,[],1,[],"[8, 8, 8, 8, 8, 8, 8, 8]",[C][C][O][C][C][O][Ring1][=Branch]
COP(=O)(OC)OC,[],1,[],"[8, 8, 8, 8, 8, 8, 8, 8, 8, 8, 8, 8]",[C][O][P][=Branch][=O][pop][Branch][O][C][pop][O][C]
c1ccc(cc1)Nc2ccc(cc2)N,"[0, 0, 3]",0,"[0, 3, 5]","[0, 8, 8, 0, 8, 3, 8, 8]",[:0benzene][Branch][N][:0benzene][Branch][:0amido][pop][pop]
CN(C)NC(=O)CCC(=O)O,"[2, 6]",0,"[6, 10]","[8, 8, 8, 8, 8, 8, 2, 8, 8, 8, 6, 8]",[C][N][Branch][C][pop][N][:0carbonyl][Ring1][C][C][:1carboxyl][pop]
COc1ccc(cc1N)N,"[0, 3, 3]",1,"[2, 4, 7]","[8, 8, 0, 8, 3, 8, 8, 3, 8]",[C][O][:0benzene][Branch][:0amido][pop][Ring2][:0amido][pop]
c1cc(c(cc1N)N)Cl,"[0, 3, 3]",1,"[0, 5, 8]","[0, 8, 8, 8, 8, 3, 8, 8, 3, 8]",[:0benzene][Ring2][Cl][pop][Ring1][:0amido][pop][Ring2][:0amido][pop]
C(CBr)Br,[],1,[],"[8, 8, 8, 8, 8, 8]",[C][Branch][C][Br][pop][Br]
COc1ccccc1N,"[0, 3]",1,"[2, 4]","[8, 8, 0, 8, 3, 8]",[C][O][:0benzene][#Branch][:0amido][pop]
c1cc(ccc1C(c2ccc(cc2)Cl)(C(Cl)(Cl)Cl)O)Cl,"[0, 0, 4]",0,"[0, 7, 22]","[0, 8, 8, 8, 8, 8, 8, 0, 8, 8, 8, 8, 8, 8, 8, 8, 8, 8, 8, 8, 8, 8, 4, 8]",[:0benzene][Ring2][Cl][pop][Branch][C][Branch][:0benzene][Branch][Cl][pop][pop][Branch][C][Branch][Cl][pop][Branch][Cl][pop][Cl][pop][:0hydroxyl][pop]
c1cc(c(cc1[N+](=O)[O-])Cl)NC(=O)c2cc(ccc2O)Cl,"[0, 2, 0, 4, 1]",0,"[0, 3, 5, 10, 18]","[0, 8, 8, 2, 8, 0, 8, 8, 8, 8, 4, 8, 8, 8, 8, 8, 8, 8, 1, 8]",[:0benzene][Ring2][N][:0carbonyl][Ring1][:0benzene][Ring2][Cl][pop][Branch][:0hydroxyl][pop][pop][pop][Ring1][Cl][pop][Ring2][:0nitro][pop]
c1ccc(cc1)NNc2ccccc2,"[0, 0]",1,"[0, 4]","[0, 8, 8, 8, 0, 8]",[:0benzene][Branch][N][N][:0benzene][pop]
c1cc(c(cc1N)[N+](=O)[O-])O,"[0, 4, 1, 3]",0,"[0, 2, 5, 8]","[0, 8, 4, 8, 8, 1, 8, 8, 3, 8]",[:0benzene][Ring2][:0hydroxyl][pop][Ring1][:0nitro][pop][Ring2][:0amido][pop]
c1cc(cnc1)CCl,[],1,[],"[8, 8, 8, 8, 8, 8, 8, 8, 8, 8, 8, 8]",[C][=C][C][=Branch][=C][N][=C][Ring1][=Branch][pop][C][Cl]
CCOP(=S)(OCC)Oc1ccc2c(c(c(=O)oc2c1)Cl)C,"[0, 6]",0,"[13, 19]","[8, 8, 8, 8, 8, 8, 8, 8, 8, 8, 8, 8, 8, 0, 8, 8, 8, 8, 8, 6, 8, 8, 8, 8, 8, 8, 8, 8, 8]",[C][C][O][P][=Branch][=S][pop][Branch][O][C][C][pop][O][:0benzene][Branch][C][=Branch][=C][Branch][:1carboxyl][Ring1][Ring1][Branch][pop][pop][Cl][pop][C][pop]
CC1CCC(C(C1)O)C(C)C,[4],0,[12],"[8, 8, 8, 8, 8, 8, 8, 8, 8, 8, 8, 8, 4, 8, 8, 8, 8, 8, 8]",[C][C][C][C][C][Branch][C][Branch][C][Ring1][=Branch][pop][:0hydroxyl][pop][C][Branch][C][pop][C]
c1ccc(cc1)N=Nc2ccc(nc2N)N,"[0, 3, 3]",1,"[0, 12, 17]","[0, 8, 8, 8, 8, 8, 8, 8, 8, 8, 8, 8, 3, 8, 8, 8, 8, 3, 8]",[:0benzene][Branch][N][=N][C][=C][C][=C][Branch][N][=C][Branch][:0amido][pop][Ring1][=Branch][pop][:0amido][pop]
c1ccc(cc1)N(N=O)O,"[0, 4]",1,"[0, 7]","[0, 8, 8, 8, 8, 8, 8, 4, 8]",[:0benzene][Branch][N][Branch][N][=O][pop][:0hydroxyl][pop]
CN(C)c1ccc(cc1)N=NS(=O)(=O)O[Na],[0],0,[5],"[8, 8, 8, 8, 8, 0, 8, 8, 8, 8, 8, 8, 8, 8, 8, 8, 8, 8, 8]",[C][N][Branch][C][pop][:0benzene][Branch][N][=N][S][=Branch][=O][pop][=Branch][=O][pop][O][NaH0][pop]
C1C=CCS1(=O)=O,[],0,[],"[8, 8, 8, 8, 8, 8, 8, 8, 8, 8, 8, 8, 8]",[C][C][=C][C][S][=Branch][=O][pop][=Branch][=O][pop][Ring1][Branch]
Cc1cc(ccc1SC)OP(=S)(OC)OC,[0],0,[1],"[8, 0, 8, 8, 8, 8, 8, 8, 8, 8, 8, 8, 8, 8, 8, 8, 8, 8, 8]",[C][:0benzene][Ring2][O][P][=Branch][=S][pop][Branch][O][C][pop][O][C][pop][Branch][S][C][pop]
c1ccc(c(c1)Nc2nc(nc(n2)Cl)Cl)Cl,[0],0,[0],"[0, 8, 8, 8, 8, 8, 8, 8, 8, 8, 8, 8, 8, 8, 8, 8, 8, 8, 8, 8, 8]",[:0benzene][Branch][Cl][pop][Ring1][N][C][=N][C][=Branch][=N][C][=Branch][=N][Ring1][=Branch][pop][Cl][pop][Cl][pop]
Cc1cc(ccc1N)OC,"[0, 3]",0,"[1, 7]","[8, 0, 8, 8, 8, 8, 8, 3, 8]",[C][:0benzene][Ring2][O][C][pop][Branch][:0amido][pop]
C(F)(Cl)(Cl)Cl,[],0,[],"[8, 8, 8, 8, 8, 8, 8, 8, 8, 8, 8]",[C][Branch][F][pop][Branch][Cl][pop][Branch][Cl][pop][Cl]
Cc1cccc(c1N)[N+](=O)[O-],"[0, 1, 3]",1,"[1, 3, 6]","[8, 0, 8, 1, 8, 8, 3, 8]",[C][:0benzene][=Branch][:0nitro][pop][Ring1][:0amido][pop]
c1cc(c(c(c1)[N+](=O)[O-])N)C(=O)O,"[0, 6, 3, 1]",0,"[0, 2, 5, 8]","[0, 8, 6, 8, 8, 3, 8, 8, 1, 8]",[:0benzene][Ring2][:1carboxyl][pop][Ring1][:0amido][pop][Ring1][:0nitro][pop]
C(I)(I)I,[],0,[],"[8, 8, 8, 8, 8, 8, 8, 8]",[C][Branch][I][pop][Branch][I][pop][I]
Cc1ccc2c(c1N)C(=O)c3ccccc3C2=O,"[0, 2, 0, 2, 3]",1,"[1, 3, 5, 7, 16]","[8, 0, 8, 2, 8, 0, 8, 2, 8, 8, 8, 8, 8, 8, 8, 8, 3, 8]",[C][:0benzene][=Branch][:0carbonyl][Ring1][:0benzene][#Branch][:0carbonyl][Ring1][Ring1][S][pop][pop][pop][pop][Ring1][:0amido][pop]
CCOc1ccc(cc1N)NC(=O)C,"[0, 2, 3]",0,"[3, 6, 12]","[8, 8, 8, 0, 8, 8, 2, 8, 8, 8, 8, 8, 3, 8]",[C][C][O][:0benzene][Branch][N][:0carbonyl][Ring1][C][pop][pop][Ring2][:0amido][pop]
c1cc(c(cc1N)Cl)N,"[0, 3, 3]",0,"[0, 2, 8]","[0, 8, 3, 8, 8, 8, 8, 8, 3, 8]",[:0benzene][Ring2][:0amido][pop][Ring1][Cl][pop][Ring2][:0amido][pop]
COc1c(c(c(c(c1Cl)Cl)[N+](=O)[O-])Cl)Cl,"[0, 1]",0,"[2, 10]","[8, 8, 0, 8, 8, 8, 8, 8, 8, 8, 1, 8, 8, 8, 8, 8, 8, 8]",[C][O][:0benzene][Ring1][Cl][pop][Ring1][Cl][pop][Ring1][:0nitro][pop][Ring1][Cl][pop][Ring1][Cl][pop]
CCN(CC)C(=S)SCC(=C)Cl,[],1,[],"[8, 8, 8, 8, 8, 8, 8, 8, 8, 8, 8, 8, 8, 8, 8, 8, 8, 8]",[C][C][N][Branch][C][C][pop][C][=Branch][=S][pop][S][C][C][=Branch][=C][pop][Cl]
COc1ccc(cc1)N,"[0, 3]",0,"[2, 4]","[8, 8, 0, 8, 3, 8]",[C][O][:0benzene][Branch][:0amido][pop]
c1cc2c(cc1[N+](=O)[O-])[nH+]c[n-]2,"[0, 1]",1,"[0, 9]","[0, 8, 8, 8, 8, 8, 8, 8, 8, 1, 8]",[:0benzene][Branch][NH1+1][=C][NH0-1][Ring1][#Branch][pop][Ring2][:0nitro][pop]
c1cc2c3c(ccc(c3c1)[N+](=O)[O-])CC2,"[0, 1]",1,"[0, 9]","[0, 8, 8, 8, 8, 8, 8, 8, 8, 1, 8, 8, 8, 8, 8, 8]",[:0benzene][Branch][C][=Branch][=C][C][=C][Ring1][=Branch][:0nitro][pop][C][C][Ring1][=C][pop]
CCCCOCCOCCOCc1cc2c(cc1CCC)OCO2,[0],0,[12],"[8, 8, 8, 8, 8, 8, 8, 8, 8, 8, 8, 8, 0, 8, 8, 8, 8, 8, 8, 8, 8, 8, 8, 8, 8]",[C][C][C][C][O][C][C][O][C][C][O][C][:0benzene][Branch][O][C][O][Ring1][#Branch][pop][Ring2][C][C][C][pop]
COC(=O)c1ccc(cc1)C(=O)OC,"[6, 0, 6]",0,"[1, 3, 5]","[8, 6, 8, 0, 8, 6, 8, 8, 8, 8, 8]",[C][:0carboxyl][Ring1][:0benzene][Branch][:1carboxyl][Ring1][C][pop][pop][pop]
c1ccc2c(c1)Oc3ccccc3O2,"[0, 0]",0,"[0, 3]","[0, 8, 8, 0, 8, 8, 8, 8, 8, 8]",[:0benzene][=Branch][O][:0benzene][#Branch][O][Ring1][=C][pop][pop]
c1cc2c(cc1Cl)Oc3ccc(cc3O2)Cl,"[0, 0]",0,"[0, 3]","[0, 8, 8, 0, 8, 8, 8, 8, 8, 8, 8, 8, 8, 8, 8, 8]",[:0benzene][Branch][O][:0benzene][Branch][Cl][pop][Ring2][O][Ring1][S][pop][pop][Ring2][Cl][pop]
CCCCCCCCS(=O)C(C)Cc1ccc2c(c1)OCO2,[0],0,[17],"[8, 8, 8, 8, 8, 8, 8, 8, 8, 8, 8, 8, 8, 8, 8, 8, 8, 0, 8, 8, 8, 8, 8, 8, 8]",[C][C][C][C][C][C][C][C][S][=Branch][=O][pop][C][Branch][C][pop][C][:0benzene][=Branch][O][C][O][Ring1][=Branch][pop]
CCOP(=S)(OCC)SC1C(OCCO1)SP(=S)(OCC)OCC,[],0,[],"[8, 8, 8, 8, 8, 8, 8, 8, 8, 8, 8, 8, 8, 8, 8, 8, 8, 8, 8, 8, 8, 8, 8, 8, 8, 8, 8, 8, 8, 8, 8, 8, 8, 8, 8, 8]",[C][C][O][P][=Branch][=S][pop][Branch][O][C][C][pop][S][C][C][Branch][O][C][C][O][Ring1][=Branch][pop][S][P][=Branch][=S][pop][Branch][O][C][C][pop][O][C][C]
Cc1cc(ccc1N)N,"[0, 3, 3]",0,"[1, 3, 6]","[8, 0, 8, 3, 8, 8, 3, 8]",[C][:0benzene][Ring2][:0amido][pop][Branch][:0amido][pop]
COc1ccc(cc1N)[N+](=O)[O-],"[0, 1, 3]",1,"[2, 4, 7]","[8, 8, 0, 8, 1, 8, 8, 3, 8]",[C][O][:0benzene][Branch][:0nitro][pop][Ring2][:0amido][pop]
COc1cc(ccc1N=C=O)c2ccc(c(c2)OC)N=C=O,"[0, 0]",0,"[2, 4]","[8, 8, 0, 8, 0, 8, 8, 8, 8, 8, 8, 8, 8, 8, 8, 8, 8, 8, 8, 8]",[C][O][:0benzene][Ring2][:0benzene][Branch][N][=C][=O][pop][Ring1][O][C][pop][pop][Branch][N][=C][=O][pop]
CNC(=S)N(C)C,[],0,[],"[8, 8, 8, 8, 8, 8, 8, 8, 8, 8, 8]",[C][N][C][=Branch][=S][pop][N][Branch][C][pop][C]
c1ccc(cc1)N,"[0, 3]",0,"[0, 2]","[0, 8, 3, 8]",[:0benzene][Branch][:0amido][pop]
c1cc(ccc1C(c2ccc(cc2)Cl)C(Cl)(Cl)Cl)Cl,"[0, 0]",0,"[0, 7]","[0, 8, 8, 8, 8, 8, 8, 0, 8, 8, 8, 8, 8, 8, 8, 8, 8, 8, 8, 8, 8]",[:0benzene][Ring2][Cl][pop][Branch][C][Branch][:0benzene][Branch][Cl][pop][pop][C][Branch][Cl][pop][Branch][Cl][pop][Cl][pop]
c1cc(ccc1C(c2ccc(cc2)Cl)C(Cl)Cl)Cl,"[0, 0]",1,"[0, 7]","[0, 8, 8, 8, 8, 8, 8, 0, 8, 8, 8, 8, 8, 8, 8, 8, 8, 8]",[:0benzene][Ring2][Cl][pop][Branch][C][Branch][:0benzene][Branch][Cl][pop][pop][C][Branch][Cl][pop][Cl][pop]
c1cc(ccc1C(=C(Cl)Cl)c2ccc(cc2)Cl)Cl,"[0, 0]",0,"[0, 13]","[0, 8, 8, 8, 8, 8, 8, 8, 8, 8, 8, 8, 8, 0, 8, 8, 8, 8]",[:0benzene][Ring2][Cl][pop][Branch][C][=Branch][=C][Branch][Cl][pop][Cl][pop][:0benzene][Branch][Cl][pop][pop]
CCOc1ccc(cc1[N+](=O)[O-])NC(=O)C,"[0, 2, 1]",0,"[3, 6, 12]","[8, 8, 8, 0, 8, 8, 2, 8, 8, 8, 8, 8, 1, 8]",[C][C][O][:0benzene][Branch][N][:0carbonyl][Ring1][C][pop][pop][Ring2][:0nitro][pop]
c1ccc2c(c1)-c3ccc4c5c3c(ccc5-c6ccccc6C4=O)C2=O,"[0, 0, 0, 2, 2]",0,"[0, 2, 10, 12, 23]","[0, 8, 0, 8, 8, 8, 8, 8, 8, 8, 0, 8, 2, 8, 8, 8, 8, 8, 8, 8, 8, 8, 8, 2, 8, 8, 8, 8, 8, 8, 8]",[:0benzene][=Branch][:0benzene][#Branch][C][=Branch][=C][C][=C][Branch][:0benzene][#Branch][:0carbonyl][Ring1][Ring2][Ring1][C][pop][pop][pop][Ring1][=Branch][pop][:0carbonyl][Ring1][Ring2][Ring1][=N][pop][pop][pop]
CCOC(=O)CC(C(=O)OCC)SP(=O)(OC)OC,"[6, 6]",0,"[2, 7]","[8, 8, 6, 8, 8, 8, 8, 6, 8, 8, 8, 8, 8, 8, 8, 8, 8, 8, 8, 8, 8, 8, 8, 8, 8]",[C][C][:0carboxyl][Ring1][C][C][Branch][:1carboxyl][Ring1][C][C][pop][pop][S][P][=Branch][=O][pop][Branch][O][C][pop][O][C][pop]
CC(C)(C=NOC(=O)NC)SC,[6],0,[8],"[8, 8, 8, 8, 8, 8, 8, 8, 6, 8, 8, 8, 8, 8, 8, 8]",[C][C][Branch][C][pop][Branch][C][=N][:0carboxyl][Ring1][N][C][pop][pop][S][C]
CCOP(=S)(OCC)Oc1cc(nc(n1)C(C)C)C,[],0,[],"[8, 8, 8, 8, 8, 8, 8, 8, 8, 8, 8, 8, 8, 8, 8, 8, 8, 8, 8, 8, 8, 8, 8, 8, 8, 8, 8, 8, 8, 8, 8]",[C][C][O][P][=Branch][=S][pop][Branch][O][C][C][pop][O][C][=C][C][=Branch][=N][C][=Branch][=N][Ring1][=Branch][pop][C][Branch][C][pop][C][pop][C]
Cc1c(noc1NS(=O)(=O)c2ccc(cc2)N)C,"[0, 3]",0,"[16, 18]","[8, 8, 8, 8, 8, 8, 8, 8, 8, 8, 8, 8, 8, 8, 8, 8, 0, 8, 3, 8, 8, 8, 8, 8, 8]",[C][C][C][=Branch][=N][O][C][Branch][N][S][=Branch][=O][pop][=Branch][=O][pop][:0benzene][Branch][:0amido][pop][pop][=Ring1][Branch][pop][C]
c1ccc(cc1)[Sn](c2ccccc2)(c3ccccc3)O,"[0, 0, 0, 4]",0,"[0, 4, 7, 9]","[0, 8, 8, 8, 0, 8, 8, 0, 8, 4, 8]",[:0benzene][Branch][SnH0][Branch][:0benzene][pop][Branch][:0benzene][pop][:0hydroxyl][pop]
CC1(COC1=O)C,[6],0,[4],"[8, 8, 8, 8, 6, 8, 8, 8, 8, 8, 8]",[C][C][Branch][C][:0carboxyl][Ring1][Ring1][Ring2][pop][pop][C]
CC1=NN(C(=O)C1)c2ccccc2,"[2, 0]",0,"[5, 12]","[8, 8, 8, 8, 8, 2, 8, 8, 8, 8, 8, 8, 0]",[C][C][=N][N][Branch][:0carbonyl][Ring1][C][Ring1][=Branch][pop][pop][:0benzene]
Cc1ccc(c(c1)N)OC,"[0, 3]",1,"[1, 7]","[8, 0, 8, 8, 8, 8, 8, 3, 8]",[C][:0benzene][Branch][O][C][pop][Ring1][:0amido][pop]
c1cc2c(cccc2N)c(c1)N,"[0, 3, 3]",1,"[0, 7, 13]","[0, 8, 8, 8, 8, 8, 8, 3, 8, 8, 8, 8, 8, 3, 8]",[:0benzene][Branch][C][=C][C][=C][Branch][:0amido][pop][Ring1][O][pop][Ring1][:0amido][pop]
c1ccc2c(c1)C(=O)c3ccc(cc3C2=O)N,"[0, 2, 0, 3, 2]",1,"[0, 2, 4, 6, 9]","[0, 8, 2, 8, 0, 8, 3, 8, 8, 2, 8, 8, 8, 8, 8, 8, 8]",[:0benzene][=Branch][:0carbonyl][Ring1][:0benzene][Branch][:0amido][pop][Ring2][:0carbonyl][Ring1][Ring1][P][pop][pop][pop][pop]
Cc1ccc(cc1Cl)N,"[0, 3]",0,"[1, 3]","[8, 0, 8, 3, 8, 8, 8, 8]",[C][:0benzene][Branch][:0amido][pop][Ring2][Cl][pop]
Cc1cc(cc(c1N(C)C)C)OC(=O)NC,"[0, 6]",0,"[1, 3]","[8, 0, 8, 6, 8, 8, 8, 8, 8, 8, 8, 8, 8, 8, 8, 8, 8, 8, 8]",[C][:0benzene][Ring2][:0carboxyl][Ring1][N][C][pop][pop][Ring2][C][pop][Ring1][N][Branch][C][pop][C][pop]
c1ccc(cc1)NC(=S)N,"[0, 3]",0,"[0, 7]","[0, 8, 8, 8, 8, 8, 8, 3, 8]",[:0benzene][Branch][N][C][=Branch][=S][pop][:0amido][pop]
CCNC(=S)NCC,[],0,[],"[8, 8, 8, 8, 8, 8, 8, 8, 8, 8]",[C][C][N][C][=Branch][=S][pop][N][C][C]
Cc1cc(c(c(c1)C(C)(C)C)O)C(C)(C)C,"[0, 4]",0,"[1, 13]","[8, 0, 8, 8, 8, 8, 8, 8, 8, 8, 8, 8, 8, 4, 8, 8, 8, 8, 8, 8, 8, 8, 8, 8, 8]",[C][:0benzene][Ring2][C][Branch][C][pop][Branch][C][pop][C][pop][Ring1][:0hydroxyl][pop][Ring1][C][Branch][C][pop][Branch][C][pop][C][pop]
CN(C)C(=S)S[Pb]SC(=S)N(C)C,[],0,[],"[8, 8, 8, 8, 8, 8, 8, 8, 8, 8, 8, 8, 8, 8, 8, 8, 8, 8, 8, 8, 8]",[C][N][Branch][C][pop][C][=Branch][=S][pop][S][PbH0R2][S][C][=Branch][=S][pop][N][Branch][C][pop][C]
Cc1ccccc1N,"[0, 3]",1,"[1, 3]","[8, 0, 8, 3, 8]",[C][:0benzene][#Branch][:0amido][pop]
c1ccc(cc1)N=Nc2ccccc2,"[0, 0]",0,"[0, 4]","[0, 8, 8, 8, 0, 8]",[:0benzene][Branch][N][=N][:0benzene][pop]
c1c(cc(c(c1Cl)O)Cl)Cl,"[0, 4]",1,"[0, 8]","[0, 8, 8, 8, 8, 8, 8, 8, 4, 8, 8, 8, 8]",[:0benzene][Ring1][Cl][pop][Ring2][Cl][pop][Ring1][:0hydroxyl][pop][Ring1][Cl][pop]
COP(=S)(OC)Oc1ccc(cc1)[N+](=O)[O-],"[0, 1]",0,"[11, 13]","[8, 8, 8, 8, 8, 8, 8, 8, 8, 8, 8, 0, 8, 1, 8]",[C][O][P][=Branch][=S][pop][Branch][O][C][pop][O][:0benzene][Branch][:0nitro][pop]
C[N+](C)(C)CCCl,[],0,[],"[8, 8, 8, 8, 8, 8, 8, 8, 8, 8, 8]",[C][NH0+1][Branch][C][pop][Branch][C][pop][C][C][Cl]
c1ccc2c(c1)C(=O)OC2=O,"[0, 6, 2]",0,"[0, 2, 4]","[0, 8, 6, 8, 2, 8, 8, 8, 8, 8, 8]",[:0benzene][=Branch][:1carboxyl][Ring1][:0carbonyl][Ring1][Ring1][#Branch][pop][pop][pop]
Cc1cc(c(cc1C)N)C,"[0, 3]",1,"[1, 6]","[8, 0, 8, 8, 8, 8, 3, 8, 8, 8, 8]",[C][:0benzene][Ring2][C][pop][Ring1][:0amido][pop][Ring2][C][pop]
c1ccc(c(c1)C(=O)N)C(=O)N,"[0, 2, 3, 2, 3]",0,"[0, 2, 4, 8, 10]","[0, 8, 2, 8, 3, 8, 8, 8, 2, 8, 3, 8, 8]",[:0benzene][Branch][:0carbonyl][Ring1][:0amido][pop][pop][Ring1][:0carbonyl][Ring1][:0amido][pop][pop]
Cc1ccc(cc1N)N,"[0, 3, 3]",1,"[1, 3, 6]","[8, 0, 8, 3, 8, 8, 3, 8]",[C][:0benzene][Branch][:0amido][pop][Ring2][:0amido][pop]
C(#N)N=[Ca],[5],0,[0],"[5, 8, 8, 8, 8]",[:0cyano][C][N][=CaH0][pop]
c1ccc(cc1)N(c2ccccc2)N=O,"[0, 0]",0,"[0, 4]","[0, 8, 8, 8, 0, 8, 8, 8, 8]",[:0benzene][Branch][N][Branch][:0benzene][pop][N][=O][pop]
Cc1cc(ccc1N)Cl,"[0, 3]",1,"[1, 6]","[8, 0, 8, 8, 8, 8, 3, 8]",[C][:0benzene][Ring2][Cl][pop][Branch][:0amido][pop]
CCN(CC)C(=S)SSC(=S)N(CC)CC,[],0,[],"[8, 8, 8, 8, 8, 8, 8, 8, 8, 8, 8, 8, 8, 8, 8, 8, 8, 8, 8, 8, 8, 8, 8, 8]",[C][C][N][Branch][C][C][pop][C][=Branch][=S][pop][S][S][C][=Branch][=S][pop][N][Branch][C][C][pop][C][C]
c1ccc2c(c1)cccc2NCCN,"[0, 3]",0,"[0, 10]","[0, 8, 8, 8, 8, 8, 8, 8, 8, 8, 3, 8, 8, 8, 8]",[:0benzene][=Branch][C][=C][C][=C][Branch][N][C][C][:0amido][pop][Ring1][#Branch][pop]
c1cc(c(cc1N)[N+](=O)[O-])N,"[0, 3, 1, 3]",1,"[0, 2, 5, 8]","[0, 8, 3, 8, 8, 1, 8, 8, 3, 8]",[:0benzene][Ring2][:0amido][pop][Ring1][:0nitro][pop][Ring2][:0amido][pop]
COc1ccc(c(c1)OC)N,"[0, 3]",0,"[2, 4]","[8, 8, 0, 8, 3, 8, 8, 8, 8, 8]",[C][O][:0benzene][Branch][:0amido][pop][Ring1][O][C][pop]
CCN(CC)C(=S)S[Na],[],0,[],"[8, 8, 8, 8, 8, 8, 8, 8, 8, 8, 8, 8, 8]",[C][C][N][Branch][C][C][pop][C][=Branch][=S][pop][S][NaH0]
CCC(CC)(C(=O)NC(=O)N)Br,"[2, 2, 3]",0,"[8, 11, 13]","[8, 8, 8, 8, 8, 8, 8, 8, 2, 8, 8, 2, 8, 3, 8, 8, 8, 8]",[C][C][C][Branch][C][C][pop][Branch][:0carbonyl][Ring1][N][:0carbonyl][Ring1][:0amido][pop][pop][pop][Br]
c1cc(ccc1N)N,"[0, 3, 3]",0,"[0, 2, 5]","[0, 8, 3, 8, 8, 3, 8]",[:0benzene][Ring2][:0amido][pop][Branch][:0amido][pop]
CC(CCC(=O)O)C1CCC2C1(CCC3C2CCC4C3(CCC(C4)O)C)C,"[6, 4]",0,"[5, 31]","[8, 8, 8, 8, 8, 6, 8, 8, 8, 8, 8, 8, 8, 8, 8, 8, 8, 8, 8, 8, 8, 8, 8, 8, 8, 8, 8, 8, 8, 8, 8, 4, 8, 8, 8, 8, 8, 8, 8, 8, 8, 8, 8, 8, 8, 8, 8]",[C][C][Branch][C][C][:1carboxyl][pop][C][C][C][C][C][Branch][C][C][C][C][Branch][C][C][C][C][Branch][C][C][C][Branch][C][Ring1][=Branch][pop][:0hydroxyl][pop][Branch][C][pop][Ring1][=Branch][pop][Ring1][=Branch][pop][Branch][C][pop][Ring1][Branch]
CC(=O)Nc1ccc(cc1)C(=O)CCl,"[2, 0, 2]",0,"[1, 4, 6]","[8, 2, 8, 8, 0, 8, 2, 8, 8, 8, 8, 8, 8]",[C][:0carbonyl][Ring1][N][:0benzene][Branch][:0carbonyl][Ring1][C][Cl][pop][pop][pop]
c1ccnc(c1)CCl,[],0,[],"[8, 8, 8, 8, 8, 8, 8, 8, 8, 8, 8, 8]",[C][=C][C][=N][C][=Branch][=C][Ring1][=Branch][pop][C][Cl]
C1=CC(=NO)C=CC1=NO,"[4, 4]",0,"[5, 12]","[8, 8, 8, 8, 8, 4, 8, 8, 8, 8, 8, 8, 4, 8, 8, 8]",[C][=C][C][=Branch][=N][:0hydroxyl][pop][C][=C][C][=Branch][=N][:0hydroxyl][pop][Ring1][O]
c1cc(c(cc1[N+](=O)[O-])N)N,"[0, 3, 3, 1]",0,"[0, 2, 5, 8]","[0, 8, 3, 8, 8, 3, 8, 8, 1, 8]",[:0benzene][Ring2][:0amido][pop][Ring1][:0amido][pop][Ring2][:0nitro][pop]
CN(C)c1ccc(cc1)C(=O)c2ccc(cc2)N(C)C,"[0, 2, 0]",1,"[5, 7, 9]","[8, 8, 8, 8, 8, 0, 8, 2, 8, 0, 8, 8, 8, 8, 8, 8, 8, 8, 8]",[C][N][Branch][C][pop][:0benzene][Branch][:0carbonyl][Ring1][:0benzene][Branch][N][Branch][C][pop][C][pop][pop][pop]
CCCC[Sn](CCCC)(OC(=O)C)OC(=O)C,"[6, 6]",0,"[12, 17]","[8, 8, 8, 8, 8, 8, 8, 8, 8, 8, 8, 8, 6, 8, 8, 8, 8, 6, 8, 8, 8]",[C][C][C][C][SnH0][Branch][C][C][C][C][pop][Branch][:0carboxyl][Ring1][C][pop][pop][:0carboxyl][Ring1][C][pop]
c1cc(ccc1[N+](=O)[O-])Oc2ccc(cc2Cl)Cl,"[0, 0, 1]",1,"[0, 3, 12]","[0, 8, 8, 0, 8, 8, 8, 8, 8, 8, 8, 8, 1, 8]",[:0benzene][Ring2][O][:0benzene][Branch][Cl][pop][Ring2][Cl][pop][pop][Branch][:0nitro][pop]
C=Cc1ccccc1,[0],0,[2],"[8, 8, 0]",[C][=C][:0benzene]
CN(C)c1ccc(cc1)Cc2ccc(cc2)N(C)C,"[0, 0]",1,"[5, 8]","[8, 8, 8, 8, 8, 0, 8, 8, 0, 8, 8, 8, 8, 8, 8, 8, 8]",[C][N][Branch][C][pop][:0benzene][Branch][C][:0benzene][Branch][N][Branch][C][pop][C][pop][pop]
Cc1ccc(cc1N)Cl,"[0, 3]",1,"[1, 6]","[8, 0, 8, 8, 8, 8, 3, 8]",[C][:0benzene][Branch][Cl][pop][Ring2][:0amido][pop]
c1ccc(cc1)Nc2ccc(cc2)N=O,"[0, 0]",0,"[0, 3]","[0, 8, 8, 0, 8, 8, 8, 8, 8]",[:0benzene][Branch][N][:0benzene][Branch][N][=O][pop][pop]
COc1cc[c-]2c(c1)[nH+]c3c2CCN4C3CC5C(C4)CC(C(C5C(=O)OC)OC)OC(=O)[c-]6[cH-][c+]([c+]([c+]([cH-]6)OC)OC)OC,"[6, 6]",1,"[36, 47]","[8, 8, 8, 8, 8, 8, 8, 8, 8, 8, 8, 8, 8, 8, 8, 8, 8, 8, 8, 8, 8, 8, 8, 8, 8, 8, 8, 8, 8, 8, 8, 8, 8, 8, 8, 8, 6, 8, 8, 8, 8, 8, 8, 8, 8, 8, 8, 6, 8, 8, 8, 8, 8, 8, 8, 8, 8, 8, 8, 8, 8, 8, 8, 8, 8, 8, 8, 8, 8, 8, 8, 8, 8, 8, 8, 8]",[C][O][C][C][=C][CH0-1][C][Branch][C][=Ring1][=Branch][pop][=NH1+1][C][=C][Branch][C][C][N][C][Branch][C][C][C][Branch][C][Ring1][=Branch][pop][C][C][Branch][C][Branch][C][Branch][:1carboxyl][Ring1][C][pop][pop][Ring1][#Branch][pop][O][C][pop][:0carboxyl][Ring1][CH0-1][CH1-1][CH0+1][Branch][CH0+1][Branch][CH0+1][Branch][CH1-1][Ring1][=Branch][pop][O][C][pop][O][C][pop][O][C][pop][pop][Ring1][=Branch][pop][Ring1][=Branch]
CN(C)C(=O)Nc1cccc(c1)C(F)(F)F,"[2, 0]",0,"[5, 8]","[8, 8, 8, 8, 8, 2, 8, 8, 0, 8, 8, 8, 8, 8, 8, 8, 8, 8, 8, 8]",[C][N][Branch][C][pop][:0carbonyl][Ring1][N][:0benzene][=Branch][C][Branch][F][pop][Branch][F][pop][F][pop][pop]
c1ccc(cc1)C=CCOC(=O)c2ccccc2N,"[0, 6, 0, 3]",1,"[0, 5, 7, 9]","[0, 8, 8, 8, 8, 6, 8, 0, 8, 3, 8, 8, 8]",[:0benzene][Branch][C][=C][C][:0carboxyl][Ring1][:0benzene][#Branch][:0amido][pop][pop][pop]
Cc1c(cccc1N)N,"[0, 3, 3]",0,"[1, 3, 6]","[8, 0, 8, 3, 8, 8, 3, 8]",[C][:0benzene][Ring1][:0amido][pop][=Branch][:0amido][pop]
c1ccc(cc1)O,"[0, 4]",0,"[0, 2]","[0, 8, 4, 8]",[:0benzene][Branch][:0hydroxyl][pop]
c1ccc(cc1)C(C(=O)c2ccccc2)O,"[0, 2, 0, 4]",0,"[0, 4, 6, 9]","[0, 8, 8, 8, 2, 8, 0, 8, 8, 4, 8]",[:0benzene][Branch][C][Branch][:0carbonyl][Ring1][:0benzene][pop][pop][:0hydroxyl][pop]
c1cc(ccc1N)Oc2ccc(cc2)N,"[0, 0, 3, 3]",1,"[0, 3, 5, 9]","[0, 8, 8, 0, 8, 3, 8, 8, 8, 3, 8]",[:0benzene][Ring2][O][:0benzene][Branch][:0amido][pop][pop][Branch][:0amido][pop]
C(C(CBr)Br)Cl,[],1,[],"[8, 8, 8, 8, 8, 8, 8, 8, 8, 8]",[C][Branch][C][Branch][C][Br][pop][Br][pop][Cl]
COc1ccc(cc1)C(=O)C(=CC(=O)O[Na])Br,"[0, 2, 6]",0,"[2, 4, 9]","[8, 8, 0, 8, 2, 8, 8, 8, 8, 6, 8, 8, 8, 8, 8, 8, 8]",[C][O][:0benzene][Branch][:0carbonyl][Ring1][C][=Branch][=C][:1carboxyl][Ring1][NaH0][pop][pop][Br][pop][pop]
c1cc(ccc1N=Nc2c3ccc(cc3ccc2O)S(=O)(=O)O[Na])S(=O)(=O)O[Na],"[0, 0, 4]",0,"[0, 16, 33]","[0, 8, 8, 8, 8, 8, 8, 8, 8, 8, 8, 8, 8, 8, 8, 8, 0, 8, 8, 8, 8, 8, 8, 8, 8, 8, 8, 8, 8, 8, 8, 8, 8, 4, 8, 8, 8, 8, 8, 8]",[:0benzene][Ring2][S][=Branch][=O][pop][=Branch][=O][pop][O][NaH0][pop][Branch][N][=N][C][:0benzene][Branch][S][=Branch][=O][pop][=Branch][=O][pop][O][NaH0][pop][Ring2][C][=C][C][Branch][:0hydroxyl][pop][=Ring2][Ring1][C][pop][pop]
c1c2c(cc(c1Cl)Cl)Oc3cc(c(cc3O2)Cl)Cl,"[0, 0]",1,"[0, 3]","[0, 8, 8, 0, 8, 8, 8, 8, 8, 8, 8, 8, 8, 8, 8, 8, 8, 8, 8, 8, 8, 8, 8]",[:0benzene][Ring2][O][:0benzene][Ring2][Cl][pop][Ring1][Cl][pop][Ring2][O][Ring2][Ring1][C][pop][pop][Ring2][Cl][pop][Ring1][Cl][pop]
C(CBr)Br,[],1,[],"[8, 8, 8, 8, 8, 8]",[C][Branch][C][Br][pop][Br]
c1ccc(cc1)N=Nc2c(ccc3c2c(cc(c3)S(=O)(=O)O[Na])S(=O)(=O)O[Na])O,"[0, 0, 4]",0,"[0, 4, 6]","[0, 8, 8, 8, 0, 8, 4, 8, 8, 8, 8, 8, 8, 8, 8, 8, 8, 8, 8, 8, 8, 8, 8, 8, 8, 8, 8, 8, 8, 8, 8, 8, 8, 8, 8, 8, 8, 8, 8]",[:0benzene][Branch][N][=N][:0benzene][Ring1][:0hydroxyl][pop][=Branch][C][=Branch][=C][C][=Branch][=C][Ring1][#Branch][pop][S][=Branch][=O][pop][=Branch][=O][pop][O][NaH0][pop][S][=Branch][=O][pop][=Branch][=O][pop][O][NaH0][pop][pop]
CCCCC(CC)COC(=O)CCCCC(=O)OCC(CC)CCCC,"[6, 6]",1,"[10, 16]","[8, 8, 8, 8, 8, 8, 8, 8, 8, 8, 6, 8, 8, 8, 8, 8, 6, 8, 8, 8, 8, 8, 8, 8, 8, 8, 8, 8, 8, 8]",[C][C][C][C][C][Branch][C][C][pop][C][:0carboxyl][Ring1][C][C][C][C][:1carboxyl][Ring1][C][C][Branch][C][C][pop][C][C][C][C][pop][pop]
CCCCOC(=O)c1ccccc1C(=O)OCc2ccccc2,"[6, 0, 6, 0]",0,"[4, 6, 8, 11]","[8, 8, 8, 8, 6, 8, 0, 8, 6, 8, 8, 0, 8, 8, 8]",[C][C][C][C][:0carboxyl][Ring1][:0benzene][#Branch][:1carboxyl][Ring1][C][:0benzene][pop][pop][pop]
C1CCC(=O)NCC1,[2],0,[3],"[8, 8, 8, 2, 8, 8, 8, 8, 8, 8, 8]",[C][C][C][:0carbonyl][Ring1][N][C][C][Ring1][O][pop]
CC(C)(c1ccc(cc1)O)c2ccc(cc2)O,"[0, 4, 0, 4]",0,"[6, 8, 11, 13]","[8, 8, 8, 8, 8, 8, 0, 8, 4, 8, 8, 0, 8, 4, 8]",[C][C][Branch][C][pop][Branch][:0benzene][Branch][:0hydroxyl][pop][pop][:0benzene][Branch][:0hydroxyl][pop]
C(CCCCCN)CCCCC(=O)O,"[3, 6]",0,"[7, 13]","[8, 8, 8, 8, 8, 8, 8, 3, 8, 8, 8, 8, 8, 6]",[C][Branch][C][C][C][C][C][:0amido][pop][C][C][C][C][:1carboxyl]
CCCCC(CC)COC(=O)c1ccccc1C(=O)OCC(CC)CCCC,"[6, 0, 6]",1,"[10, 12, 14]","[8, 8, 8, 8, 8, 8, 8, 8, 8, 8, 6, 8, 0, 8, 6, 8, 8, 8, 8, 8, 8, 8, 8, 8, 8, 8, 8, 8, 8]",[C][C][C][C][C][Branch][C][C][pop][C][:0carboxyl][Ring1][:0benzene][#Branch][:1carboxyl][Ring1][C][C][Branch][C][C][pop][C][C][C][C][pop][pop][pop]
c1c(cc(c(c1Cl)N)Cl)N,"[0, 3, 3]",1,"[0, 2, 8]","[0, 8, 3, 8, 8, 8, 8, 8, 3, 8, 8, 8, 8]",[:0benzene][Ring1][:0amido][pop][Ring2][Cl][pop][Ring1][:0amido][pop][Ring1][Cl][pop]
c1ccc2c(c1)c(ccc2S(=O)(=O)O[Na])N=Nc3cc(c4ccccc4c3O)S(=O)(=O)O[Na],"[0, 0, 4]",0,"[0, 23, 44]","[0, 8, 8, 8, 8, 8, 8, 8, 8, 8, 8, 8, 8, 8, 8, 8, 8, 8, 8, 8, 8, 8, 8, 0, 8, 8, 8, 8, 8, 8, 8, 8, 8, 8, 8, 8, 8, 8, 8, 8, 8, 8, 8, 8, 4, 8, 8]",[:0benzene][=Branch][C][=Branch][=C][C][=C][Branch][S][=Branch][=O][pop][=Branch][=O][pop][O][NaH0][pop][Ring1][#Branch][pop][N][=N][:0benzene][Ring2][S][=Branch][=O][pop][=Branch][=O][pop][O][NaH0][pop][Ring1][C][=C][C][=C][Ring1][=C][pop][Ring2][:0hydroxyl][pop][pop]
Cc1ccc(c(c1)N=Nc2ccc(cc2)NC(=O)C)O,"[0, 4, 0, 2]",1,"[1, 3, 8, 11]","[8, 0, 8, 4, 8, 8, 8, 8, 0, 8, 8, 2, 8, 8, 8, 8, 8]",[C][:0benzene][Branch][:0hydroxyl][pop][Ring1][N][=N][:0benzene][Branch][N][:0carbonyl][Ring1][C][pop][pop][pop]
Cc1cc(c(cc1Cl)S(=O)(=O)O[Ba]OS(=O)(=O)c2cc(c(cc2N=Nc3c4ccccc4ccc3O)C)Cl)N=Nc5c6ccccc6ccc5O,"[0, 0, 4, 0, 0, 4]",0,"[1, 6, 12, 36, 47, 53]","[8, 0, 8, 8, 8, 8, 0, 8, 8, 8, 8, 8, 4, 8, 8, 8, 8, 8, 8, 8, 8, 8, 8, 8, 8, 8, 8, 8, 8, 8, 8, 8, 8, 8, 8, 8, 0, 8, 8, 8, 8, 8, 8, 8, 8, 8, 8, 0, 8, 8, 8, 8, 8, 4, 8, 8, 8, 8, 8, 8, 8, 8, 8]",[C][:0benzene][Ring2][N][=N][C][:0benzene][#Branch][C][=C][C][Branch][:0hydroxyl][pop][=Ring1][=N][pop][pop][Ring1][S][=Branch][=O][pop][=Branch][=O][pop][O][BaH0][O][S][=Branch][=O][pop][=Branch][=O][pop][:0benzene][Ring2][Cl][pop][Ring1][C][pop][Ring2][N][=N][C][:0benzene][#Branch][C][=C][C][Branch][:0hydroxyl][pop][=Ring1][=N][pop][pop][pop][Ring2][Cl][pop]
c1ccc(cc1)N=Nc2c3ccccc3ccc2O,"[0, 0, 4]",0,"[0, 5, 11]","[0, 8, 8, 8, 8, 0, 8, 8, 8, 8, 8, 4, 8, 8, 8, 8, 8]",[:0benzene][Branch][N][=N][C][:0benzene][#Branch][C][=C][C][Branch][:0hydroxyl][pop][=Ring1][=N][pop][pop]
C=C(Cl)Cl,[],0,[],"[8, 8, 8, 8, 8, 8]",[C][=C][Branch][Cl][pop][Cl]
C(C(Cl)(Cl)Cl)(Cl)Cl,[],1,[],"[8, 8, 8, 8, 8, 8, 8, 8, 8, 8, 8, 8, 8, 8, 8]",[C][Branch][C][Branch][Cl][pop][Branch][Cl][pop][Cl][pop][Branch][Cl][pop][Cl]
c1ccc(cc1)c2ccccc2N,"[0, 0, 3]",1,"[0, 2, 4]","[0, 8, 0, 8, 3, 8, 8]",[:0benzene][Branch][:0benzene][#Branch][:0amido][pop][pop]
C=CCN=C=S,[],0,[],"[8, 8, 8, 8, 8, 8]",[C][=C][C][N][=C][=S]
CC1CCCC(=O)CCCC=Cc2cc(cc(c2C(=O)O1)O)O,"[2, 0, 4, 4, 6]",1,"[5, 12, 14, 17, 20]","[8, 8, 8, 8, 8, 2, 8, 8, 8, 8, 8, 8, 0, 8, 4, 8, 8, 4, 8, 8, 6, 8, 8, 8, 8, 8, 8, 8]",[C][C][C][C][C][:0carbonyl][Ring1][C][C][C][C][=C][:0benzene][Ring2][:0hydroxyl][pop][Ring2][:0hydroxyl][pop][Ring1][:1carboxyl][Ring1][Ring2][Ring1][#Branch][pop][pop][pop]
C(C(C(C(C(CO)O)O)O)O)O,"[4, 4, 4, 4, 4, 4]",0,"[11, 13, 15, 17, 19, 21]","[8, 8, 8, 8, 8, 8, 8, 8, 8, 8, 8, 4, 8, 4, 8, 4, 8, 4, 8, 4, 8, 4]",[C][Branch][C][Branch][C][Branch][C][Branch][C][Branch][C][:0hydroxyl][pop][:0hydroxyl][pop][:0hydroxyl][pop][:0hydroxyl][pop][:0hydroxyl][pop][:0hydroxyl]
C(C(Cl)(Cl)Cl)Cl,[],1,[],"[8, 8, 8, 8, 8, 8, 8, 8, 8, 8, 8, 8]",[C][Branch][C][Branch][Cl][pop][Branch][Cl][pop][Cl][pop][Cl]
CCCOC(=O)c1cc(c(c(c1)O)O)O,"[6, 0, 4, 4, 4]",0,"[3, 5, 7, 10, 13]","[8, 8, 8, 6, 8, 0, 8, 4, 8, 8, 4, 8, 8, 4, 8, 8]",[C][C][C][:0carboxyl][Ring1][:0benzene][Ring2][:0hydroxyl][pop][Ring1][:0hydroxyl][pop][Ring1][:0hydroxyl][pop][pop]
C(=C(Cl)Cl)Cl,[],1,[],"[8, 8, 8, 8, 8, 8, 8, 8, 8]",[C][=Branch][=C][Branch][Cl][pop][Cl][pop][Cl]
c1(nc(nc(n1)N)N)N,"[3, 3, 3]",0,"[12, 14, 16]","[8, 8, 8, 8, 8, 8, 8, 8, 8, 8, 8, 8, 3, 8, 3, 8, 3]",[C][=Branch][=N][C][=Branch][=N][C][=Branch][=N][Ring1][=Branch][pop][:0amido][pop][:0amido][pop][:0amido]
C(C(C1C(=C(C(=O)O1)O)O)O)O,"[6, 4, 4, 4, 4]",0,"[9, 15, 17, 19, 21]","[8, 8, 8, 8, 8, 8, 8, 8, 8, 6, 8, 8, 8, 8, 8, 4, 8, 4, 8, 4, 8, 4]",[C][Branch][C][Branch][C][C][=Branch][=C][Branch][:1carboxyl][Ring1][Ring1][Ring2][pop][pop][:0hydroxyl][pop][:0hydroxyl][pop][:0hydroxyl][pop][:0hydroxyl]
c1cc(ccc1Cc2ccc(cc2)N)N,"[0, 3, 0, 3]",1,"[0, 2, 6, 8]","[0, 8, 3, 8, 8, 8, 0, 8, 3, 8, 8]",[:0benzene][Ring2][:0amido][pop][Branch][C][:0benzene][Branch][:0amido][pop][pop]
CC(C)CC(=O)OCC=C,[6],1,[6],"[8, 8, 8, 8, 8, 8, 6, 8, 8, 8, 8, 8]",[C][C][Branch][C][pop][C][:1carboxyl][Ring1][C][C][=C][pop]
c1ccc(c(c1)Cl)Cl,[0],0,[0],"[0, 8, 8, 8, 8, 8, 8]",[:0benzene][Branch][Cl][pop][Ring1][Cl][pop]
c1cc(cc(c1)OCC2CO2)OCC3CO3,[0],1,[0],"[0, 8, 8, 8, 8, 8, 8, 8, 8, 8, 8, 8, 8, 8, 8, 8, 8, 8, 8]",[:0benzene][Ring2][O][C][C][C][O][Ring1][Ring1][pop][Ring2][O][C][C][C][O][Ring1][Ring1][pop]
CCOC(=O)C=C,[6],1,[2],"[8, 8, 6, 8, 8, 8, 8]",[C][C][:0carboxyl][Ring1][C][=C][pop]
c1ccc(cc1)Cl,[0],0,[0],"[0, 8, 8, 8]",[:0benzene][Branch][Cl][pop]
CC(CCl)Cl,[],1,[],"[8, 8, 8, 8, 8, 8, 8]",[C][C][Branch][C][Cl][pop][Cl]
CN(C)C(=O)Nc1ccc(cc1)Cl,"[2, 0]",0,"[5, 8]","[8, 8, 8, 8, 8, 2, 8, 8, 0, 8, 8, 8, 8]",[C][N][Branch][C][pop][:0carbonyl][Ring1][N][:0benzene][Branch][Cl][pop][pop]
CC1CO1,[],1,[],"[8, 8, 8, 8, 8, 8]",[C][C][C][O][Ring1][Ring1]
C(C=CCl)Cl,[],1,[],"[8, 8, 8, 8, 8, 8, 8]",[C][Branch][C][=C][Cl][pop][Cl]
CNc1ccc(cc1[N+](=O)[O-])N(CCO)CCO,"[0, 4, 4, 1]",1,"[2, 8, 12, 15]","[8, 8, 0, 8, 8, 8, 8, 8, 4, 8, 8, 8, 4, 8, 8, 1, 8]",[C][N][:0benzene][Branch][N][Branch][C][C][:0hydroxyl][pop][C][C][:0hydroxyl][pop][Ring2][:0nitro][pop]
CC=C,[],0,[],"[8, 8, 8]",[C][C][=C]
CCCCC(CC)COP(=O)(OCC(CC)CCCC)OCC(CC)CCCC,[],1,[],"[8, 8, 8, 8, 8, 8, 8, 8, 8, 8, 8, 8, 8, 8, 8, 8, 8, 8, 8, 8, 8, 8, 8, 8, 8, 8, 8, 8, 8, 8, 8, 8, 8, 8, 8, 8, 8, 8, 8]",[C][C][C][C][C][Branch][C][C][pop][C][O][P][=Branch][=O][pop][Branch][O][C][C][Branch][C][C][pop][C][C][C][C][pop][O][C][C][Branch][C][C][pop][C][C][C][C]
C(CCl)O,[4],0,[5],"[8, 8, 8, 8, 8, 4]",[C][Branch][C][Cl][pop][:0hydroxyl]
c1cc2cccnc2c(c1)O,[4],0,[15],"[8, 8, 8, 8, 8, 8, 8, 8, 8, 8, 8, 8, 8, 8, 8, 4, 8, 8, 8]",[C][=C][C][=C][C][=C][N][=C][Branch][C][=Branch][=C][Ring1][=N][pop][:0hydroxyl][pop][Ring1][=Branch]
C(Cl)(Br)Br,[],1,[],"[8, 8, 8, 8, 8, 8, 8, 8]",[C][Branch][Cl][pop][Branch][Br][pop][Br]
c1cc(ccc1C(=C2C=CC(=N)C=C2)c3ccc(cc3)N)N,"[0, 3, 0, 3]",1,"[0, 2, 19, 21]","[0, 8, 3, 8, 8, 8, 8, 8, 8, 8, 8, 8, 8, 8, 8, 8, 8, 8, 8, 0, 8, 3, 8, 8]",[:0benzene][Ring2][:0amido][pop][Branch][C][=Branch][=C][C][=C][C][=Branch][=N][pop][C][=C][Ring1][#Branch][pop][:0benzene][Branch][:0amido][pop][pop]
COP(=O)OC,[],0,[],"[8, 8, 8, 8, 8, 8, 8, 8]",[C][O][P][=Branch][=O][pop][O][C]
c1ccccc1,[0],1,[0],[0],[:0benzene]
CC1=CC(=O)CC(C1)(C)C,[2],0,[3],"[8, 8, 8, 2, 8, 8, 8, 8, 8, 8, 8, 8, 8, 8, 8, 8, 8]",[C][C][=C][:0carbonyl][Ring1][C][C][Branch][C][Ring1][#Branch][pop][Branch][C][pop][C][pop]
c1cc(c(cc1N(CCO)CCO)[N+](=O)[O-])NCCO,"[0, 4, 1, 4, 4]",0,"[0, 5, 8, 15, 19]","[0, 8, 8, 8, 8, 4, 8, 8, 1, 8, 8, 8, 8, 8, 8, 4, 8, 8, 8, 4, 8]",[:0benzene][Ring2][N][C][C][:0hydroxyl][pop][Ring1][:0nitro][pop][Ring2][N][Branch][C][C][:0hydroxyl][pop][C][C][:0hydroxyl][pop]
COP(=O)(N1CCOCC1)OC,[],0,[],"[8, 8, 8, 8, 8, 8, 8, 8, 8, 8, 8, 8, 8, 8, 8, 8, 8, 8]",[C][O][P][=Branch][=O][pop][Branch][N][C][C][O][C][C][Ring1][=Branch][pop][O][C]
c1cc(c2c(c1N)C(=O)c3c(ccc(c3C2=O)N)N)N,"[0, 3, 2, 0, 3, 3, 2, 3]",0,"[0, 2, 5, 7, 9, 12, 15, 25]","[0, 8, 3, 8, 8, 2, 8, 0, 8, 3, 8, 8, 3, 8, 8, 2, 8, 8, 8, 8, 8, 8, 8, 8, 8, 3, 8]",[:0benzene][Ring2][:0amido][pop][Ring2][:0carbonyl][Ring1][:0benzene][Ring1][:0amido][pop][Branch][:0amido][pop][Ring1][:0carbonyl][Ring1][Ring2][Ring1][Ring1][pop][pop][pop][pop][Ring1][:0amido][pop]
CC(=C)CCl,[],1,[],"[8, 8, 8, 8, 8, 8, 8]",[C][C][=Branch][=C][pop][C][Cl]
C=CC1CCC=CC1,[7],1,[2],"[8, 8, 7]",[C][=C][:4cyclohexene]
C1(C(C2(C(=C(C1(C2(Cl)Cl)Cl)Cl)Cl)Cl)C(=O)O)C(=O)O,"[6, 6]",0,"[34, 36]","[8, 8, 8, 8, 8, 8, 8, 8, 8, 8, 8, 8, 8, 8, 8, 8, 8, 8, 8, 8, 8, 8, 8, 8, 8, 8, 8, 8, 8, 8, 8, 8, 8, 8, 6, 8, 6]",[C][Branch][C][Branch][C][Branch][C][=Branch][=C][Branch][C][Branch][C][Branch][Cl][pop][Branch][Cl][pop][Ring1][Branch][pop][Branch][Cl][pop][Ring1][=Branch][pop][Cl][pop][Cl][pop][Cl][pop][:1carboxyl][pop][:1carboxyl]
C(Cl)Cl,[],1,[],"[8, 8, 8, 8, 8]",[C][Branch][Cl][pop][Cl]
CC(C(c1ccccc1)O)NC,"[0, 4]",0,"[5, 7]","[8, 8, 8, 8, 8, 0, 8, 4, 8, 8, 8]",[C][C][Branch][C][Branch][:0benzene][pop][:0hydroxyl][pop][N][C]
CCC(CC(CCC(CC(CCCl)Cl)Cl)Cl)Cl,[],1,[],"[8, 8, 8, 8, 8, 8, 8, 8, 8, 8, 8, 8, 8, 8, 8, 8, 8, 8, 8, 8, 8, 8, 8, 8, 8]",[C][C][C][Branch][C][C][Branch][C][C][C][Branch][C][C][Branch][C][C][Cl][pop][Cl][pop][Cl][pop][Cl][pop][Cl]
c1(c(c(c(c(c1Br)Br)Br)Br)Br)Oc2c(c(c(c(c2Br)Br)Br)Br)Br,"[0, 0]",0,"[0, 3]","[0, 8, 8, 0, 8, 8, 8, 8, 8, 8, 8, 8, 8, 8, 8, 8, 8, 8, 8, 8, 8, 8, 8, 8, 8, 8, 8, 8, 8, 8, 8, 8, 8, 8, 8]",[:0benzene][C][O][:0benzene][Ring1][Br][pop][Ring1][Br][pop][Ring1][Br][pop][Ring1][Br][pop][Ring1][Br][pop][pop][Ring1][Br][pop][Ring1][Br][pop][Ring1][Br][pop][Ring1][Br][pop][Ring1][Br][pop]
C(=C(Cl)Cl)(Cl)Cl,[],1,[],"[8, 8, 8, 8, 8, 8, 8, 8, 8, 8, 8, 8]",[C][=Branch][=C][Branch][Cl][pop][Cl][pop][Branch][Cl][pop][Cl]
CCCCCl,[],0,[],"[8, 8, 8, 8, 8]",[C][C][C][C][Cl]
CC(=C)C(=O)OC,[6],0,[5],"[8, 8, 8, 8, 8, 6, 8, 8, 8]",[C][C][=Branch][=C][pop][:1carboxyl][Ring1][C][pop]
CC1(c2cccc(c2C(=O)C3=C(C4(C(C(C31)O)C(C(=C(C4=O)C(=O)N)O)N(C)C)O)O)O)O,"[0, 4, 2, 7, 4, 4, 2, 2, 3, 4, 4, 4]",0,"[3, 5, 8, 10, 12, 15, 24, 30, 32, 35, 44, 54]","[8, 8, 8, 0, 8, 4, 8, 8, 2, 8, 7, 8, 4, 8, 8, 4, 8, 8, 8, 8, 8, 8, 8, 8, 2, 8, 8, 8, 8, 8, 2, 8, 3, 8, 8, 4, 8, 8, 8, 8, 8, 8, 8, 8, 4, 8, 8, 8, 8, 8, 8, 8, 8, 8, 4]",[C][C][Branch][:0benzene][=Branch][:0hydroxyl][pop][Ring1][:0carbonyl][Ring1][:0cyclohexene][Ring1][:0hydroxyl][pop][Ring1][:0hydroxyl][pop][Ring2][C][Branch][C][=Branch][=C][Branch][:0carbonyl][Ring1][Ring1][P][pop][pop][:0carbonyl][Ring1][:0amido][pop][pop][:0hydroxyl][pop][N][Branch][C][pop][C][pop][Ring2][:0hydroxyl][pop][Ring2][Ring2][Ring1][=Branch][pop][pop][pop][pop][:0hydroxyl]
CC(=CCl)C,[],1,[],"[8, 8, 8, 8, 8, 8, 8]",[C][C][=Branch][=C][Cl][pop][C]
CC1(C(N2C(S1)C(C2=O)NC(=O)C(c3ccccc3)N)C(=O)O)C,"[2, 2, 0, 3, 6]",0,"[14, 21, 25, 27, 30]","[8, 8, 8, 8, 8, 8, 8, 8, 8, 8, 8, 8, 8, 8, 2, 8, 8, 8, 8, 8, 8, 2, 8, 8, 8, 0, 8, 3, 8, 8, 6, 8, 8]",[C][C][Branch][C][Branch][N][C][Branch][S][Ring1][Branch][pop][C][Branch][:0carbonyl][Ring1][Ring1][=Branch][pop][pop][N][:0carbonyl][Ring1][C][Branch][:0benzene][pop][:0amido][pop][pop][:1carboxyl][pop][C]
c1cc(ccc1Cl)Cl,[0],1,[0],"[0, 8, 8, 8, 8, 8, 8]",[:0benzene][Ring2][Cl][pop][Branch][Cl][pop]
CC(=C)C1Cc2c(ccc3c2OC4COc5cc(c(cc5C4C3=O)OC)OC)O1,"[0, 0, 2]",0,"[7, 18, 30]","[8, 8, 8, 8, 8, 8, 8, 0, 8, 8, 8, 8, 8, 8, 8, 8, 8, 8, 0, 8, 8, 8, 8, 8, 8, 8, 8, 8, 8, 8, 2, 8, 8, 8, 8, 8, 8, 8, 8, 8, 8]",[C][C][=Branch][=C][pop][C][C][:0benzene][Ring1][O][Ring1][N][pop][=Branch][O][C][C][O][:0benzene][Ring2][O][C][pop][Ring1][O][C][pop][Ring2][C][Branch][:0carbonyl][Ring1][Ring2][Ring1][#Branch][pop][pop][Ring1][P][pop][pop]
C(Cl)(Cl)Br,[],1,[],"[8, 8, 8, 8, 8, 8, 8, 8]",[C][Branch][Cl][pop][Branch][Cl][pop][Br]
CNCC(c1cccc(c1)O)O,"[0, 4, 4]",0,"[5, 7, 10]","[8, 8, 8, 8, 8, 0, 8, 4, 8, 8, 4]",[C][N][C][C][Branch][:0benzene][=Branch][:0hydroxyl][pop][pop][:0hydroxyl]
COP(=O)(C)OC,[],0,[],"[8, 8, 8, 8, 8, 8, 8, 8, 8, 8, 8]",[C][O][P][=Branch][=O][pop][Branch][C][pop][O][C]
COC(=O)N,"[6, 3]",0,"[1, 3]","[8, 6, 8, 3, 8]",[C][:0carboxyl][Ring1][:0amido][pop]
CCC1CO1,[],0,[],"[8, 8, 8, 8, 8, 8, 8]",[C][C][C][C][O][Ring1][Ring1]
CCCCCCc1ccc(cc1O)O,"[0, 4, 4]",0,"[6, 8, 11]","[8, 8, 8, 8, 8, 8, 0, 8, 4, 8, 8, 4, 8]",[C][C][C][C][C][C][:0benzene][Branch][:0hydroxyl][pop][Ring2][:0hydroxyl][pop]
C(=CO[Na])C=O,[2],0,[6],"[8, 8, 8, 8, 8, 8, 2]",[C][=Branch][=C][O][NaH0][pop][:0carbonyl]
c1cc(c(cc1[N+](=O)[O-])O)N,"[0, 3, 4, 1]",0,"[0, 2, 5, 8]","[0, 8, 3, 8, 8, 4, 8, 8, 1, 8]",[:0benzene][Ring2][:0amido][pop][Ring1][:0hydroxyl][pop][Ring2][:0nitro][pop]
c1ccc(cc1)Nc2ccc(cc2S(=O)(=O)O[Na])Nc3ccc(cc3[N+](=O)[O-])[N+](=O)[O-],"[0, 0, 0, 1, 1]",0,"[0, 3, 6, 8, 11]","[0, 8, 8, 0, 8, 8, 0, 8, 1, 8, 8, 1, 8, 8, 8, 8, 8, 8, 8, 8, 8, 8, 8, 8, 8, 8]",[:0benzene][Branch][N][:0benzene][Branch][N][:0benzene][Branch][:0nitro][pop][Ring2][:0nitro][pop][pop][Ring2][S][=Branch][=O][pop][=Branch][=O][pop][O][NaH0][pop][pop]
CC1(C(N2C(S1)C(C2=O)NC(=O)COc3ccccc3)C(=O)O[K])C,"[2, 2, 0, 6]",0,"[14, 21, 25, 28]","[8, 8, 8, 8, 8, 8, 8, 8, 8, 8, 8, 8, 8, 8, 2, 8, 8, 8, 8, 8, 8, 2, 8, 8, 8, 0, 8, 8, 6, 8, 8, 8, 8, 8]",[C][C][Branch][C][Branch][N][C][Branch][S][Ring1][Branch][pop][C][Branch][:0carbonyl][Ring1][Ring1][=Branch][pop][pop][N][:0carbonyl][Ring1][C][O][:0benzene][pop][pop][:1carboxyl][Ring1][KH0][pop][pop][C]
c1cc(oc1C=NNC(=O)N)[N+](=O)[O-],"[2, 3, 1]",1,"[10, 12, 18]","[8, 8, 8, 8, 8, 8, 8, 8, 8, 8, 2, 8, 3, 8, 8, 8, 8, 8, 1]",[C][C][=C][Branch][O][C][Branch][C][=N][N][:0carbonyl][Ring1][:0amido][pop][pop][=Ring1][Branch][pop][:0nitro]
c1cc(c(cc1[N+](=O)[O-])N)O,"[0, 4, 3, 1]",0,"[0, 2, 5, 8]","[0, 8, 4, 8, 8, 3, 8, 8, 1, 8]",[:0benzene][Ring2][:0hydroxyl][pop][Ring1][:0amido][pop][Ring2][:0nitro][pop]
c1cc(oc1C=NN2CC(=O)NC2=O)[N+](=O)[O-],"[2, 2, 1]",1,"[11, 14, 24]","[8, 8, 8, 8, 8, 8, 8, 8, 8, 8, 8, 2, 8, 8, 2, 8, 8, 8, 8, 8, 8, 8, 8, 8, 1]",[C][C][=C][Branch][O][C][Branch][C][=N][N][C][:0carbonyl][Ring1][N][:0carbonyl][Ring1][Ring1][#Branch][pop][pop][pop][=Ring1][Branch][pop][:0nitro]
COP(=O)(OC)OC=C(Cl)Cl,[],1,[],"[8, 8, 8, 8, 8, 8, 8, 8, 8, 8, 8, 8, 8, 8, 8, 8, 8]",[C][O][P][=Branch][=O][pop][Branch][O][C][pop][O][C][=C][Branch][Cl][pop][Cl]
c1ccc(cc1)CO,"[0, 4]",0,"[0, 3]","[0, 8, 8, 4, 8]",[:0benzene][Branch][C][:0hydroxyl][pop]
CC1(c2cccc(c2C(=O)C3=C(C4(C(CC31)C(C(=C(C4=O)C(=O)N)O)N(C)C)O)O)O)O,"[0, 4, 2, 7, 4, 4, 2, 2, 3, 4, 4]",0,"[3, 5, 8, 10, 12, 15, 24, 30, 32, 35, 51]","[8, 8, 8, 0, 8, 4, 8, 8, 2, 8, 7, 8, 4, 8, 8, 4, 8, 8, 8, 8, 8, 8, 8, 8, 2, 8, 8, 8, 8, 8, 2, 8, 3, 8, 8, 4, 8, 8, 8, 8, 8, 8, 8, 8, 8, 8, 8, 8, 8, 8, 8, 4]",[C][C][Branch][:0benzene][=Branch][:0hydroxyl][pop][Ring1][:0carbonyl][Ring1][:0cyclohexene][Ring1][:0hydroxyl][pop][Ring1][:0hydroxyl][pop][Ring2][C][Branch][C][=Branch][=C][Branch][:0carbonyl][Ring1][Ring1][P][pop][pop][:0carbonyl][Ring1][:0amido][pop][pop][:0hydroxyl][pop][N][Branch][C][pop][C][pop][=Branch][Ring2][Ring1][=Branch][pop][pop][pop][pop][:0hydroxyl]
c1cc(c(cc1[As](=O)(O)O)[N+](=O)[O-])O,"[0, 4, 1, 4, 4]",0,"[0, 2, 5, 13, 15]","[0, 8, 4, 8, 8, 1, 8, 8, 8, 8, 8, 8, 8, 4, 8, 4, 8]",[:0benzene][Ring2][:0hydroxyl][pop][Ring1][:0nitro][pop][Ring2][AsH0][=Branch][=O][pop][Branch][:0hydroxyl][pop][:0hydroxyl][pop]
CCCl,[],1,[],"[8, 8, 8]",[C][C][Cl]
CC1=CCC(CC1)C(=C)C,[7],0,[1],"[8, 7, 8, 8, 8, 8, 8, 8, 8]",[C][:0cyclohexene][=Branch][C][=Branch][=C][pop][C][pop]
CC(Cc1ccc(c(c1)O)O)(C(=O)O)N,"[0, 4, 4, 6, 3]",0,"[4, 6, 9, 13, 15]","[8, 8, 8, 8, 0, 8, 4, 8, 8, 4, 8, 8, 8, 6, 8, 3]",[C][C][Branch][C][:0benzene][Branch][:0hydroxyl][pop][Ring1][:0hydroxyl][pop][pop][Branch][:1carboxyl][pop][:0amido]
C(Br)(Br)Br,[],0,[],"[8, 8, 8, 8, 8, 8, 8, 8]",[C][Branch][Br][pop][Branch][Br][pop][Br]
c1cc(ccc1N)Cl,"[0, 3]",0,"[0, 5]","[0, 8, 8, 8, 8, 3, 8]",[:0benzene][Ring2][Cl][pop][Branch][:0amido][pop]
C=CC(=O)NCO,"[2, 4]",1,"[2, 6]","[8, 8, 2, 8, 8, 8, 4, 8]",[C][=C][:0carbonyl][Ring1][N][C][:0hydroxyl][pop]
c1cc(c(cc1Cl)Cl)O,"[0, 4]",0,"[0, 2]","[0, 8, 4, 8, 8, 8, 8, 8, 8, 8]",[:0benzene][Ring2][:0hydroxyl][pop][Ring1][Cl][pop][Ring2][Cl][pop]
CC1CC(OC(O1)C)OC(=O)C,[6],0,[14],"[8, 8, 8, 8, 8, 8, 8, 8, 8, 8, 8, 8, 8, 8, 6, 8, 8, 8]",[C][C][C][C][Branch][O][C][Branch][O][Ring1][=Branch][pop][C][pop][:0carboxyl][Ring1][C][pop]
CN(C)CCOC(c1ccccc1)c2ccccc2,"[0, 0]",0,"[10, 12]","[8, 8, 8, 8, 8, 8, 8, 8, 8, 8, 0, 8, 0]",[C][N][Branch][C][pop][C][C][O][C][Branch][:0benzene][pop][:0benzene]
c1cc(oc1)CNc2cc(c(cc2C(=O)O)S(=O)(=O)N)Cl,"[0, 3, 6]",1,"[11, 23, 26]","[8, 8, 8, 8, 8, 8, 8, 8, 8, 8, 8, 0, 8, 8, 8, 8, 8, 8, 8, 8, 8, 8, 8, 3, 8, 8, 6, 8]",[C][C][=C][Branch][O][C][=Ring1][Branch][pop][C][N][:0benzene][Ring2][Cl][pop][Ring1][S][=Branch][=O][pop][=Branch][=O][pop][:0amido][pop][Ring2][:1carboxyl][pop]
c1c2c(cc(c1Cl)S(=O)(=O)N)S(=O)(=O)NCN2,"[0, 3]",0,"[0, 23]","[0, 8, 8, 8, 8, 8, 8, 8, 8, 8, 8, 8, 8, 8, 8, 8, 8, 8, 8, 8, 8, 8, 8, 3, 8, 8, 8, 8]",[:0benzene][Ring2][S][=Branch][=O][pop][=Branch][=O][pop][N][C][N][Ring1][=C][pop][Ring2][S][=Branch][=O][pop][=Branch][=O][pop][:0amido][pop][Ring1][Cl][pop]
C1CC2C(O2)CC1C3CO3,[],1,[],"[8, 8, 8, 8, 8, 8, 8, 8, 8, 8, 8, 8, 8, 8, 8, 8, 8, 8, 8, 8]",[C][C][C][C][Branch][O][Ring1][Ring1][pop][C][C][Branch][C][C][O][Ring1][Ring1][pop][Ring1][#Branch]
CCBr,[],1,[],"[8, 8, 8]",[C][C][Br]
CCNc1cc2c(cc1C)c(c-3cc(c(=NCC)cc3o2)C)c4ccccc4C(=O)OCC,"[0, 0, 6]",0,"[3, 31, 33]","[8, 8, 8, 0, 8, 8, 8, 8, 8, 8, 8, 8, 8, 8, 8, 8, 8, 8, 8, 8, 8, 8, 8, 8, 8, 8, 8, 8, 8, 8, 8, 0, 8, 6, 8, 8, 8, 8, 8, 8, 8, 8, 8]",[C][C][N][:0benzene][Branch][C][=Branch][=C][Branch][C][=C][Branch][C][=Branch][=N][C][C][pop][C][=C][O][Ring2][Ring1][C][pop][C][pop][Ring1][->][N][pop][:0benzene][#Branch][:1carboxyl][Ring1][C][C][pop][pop][pop][Ring2][C][pop]
C(C(CO[N+](=O)[O-])(CO[N+](=O)[O-])CO[N+](=O)[O-])O[N+](=O)[O-],"[1, 1, 1, 1]",0,"[6, 11, 15, 18]","[8, 8, 8, 8, 8, 8, 1, 8, 8, 8, 8, 1, 8, 8, 8, 1, 8, 8, 1]",[C][Branch][C][Branch][C][O][:0nitro][pop][Branch][C][O][:0nitro][pop][C][O][:0nitro][pop][O][:0nitro]
c1cc(ccc1O)O,"[0, 4, 4]",1,"[0, 2, 5]","[0, 8, 4, 8, 8, 4, 8]",[:0benzene][Ring2][:0hydroxyl][pop][Branch][:0hydroxyl][pop]
CCCCC1C(=O)N(N(C1=O)c2ccccc2)c3ccccc3,"[2, 2, 0, 0]",0,"[5, 11, 17, 19]","[8, 8, 8, 8, 8, 2, 8, 8, 8, 8, 8, 2, 8, 8, 8, 8, 8, 0, 8, 0, 8]",[C][C][C][C][C][:0carbonyl][Ring1][N][Branch][N][Branch][:0carbonyl][Ring1][Ring1][#Branch][pop][pop][:0benzene][pop][:0benzene][pop]
CC(c1ccccc1)O,"[0, 4]",0,"[3, 5]","[8, 8, 8, 0, 8, 4]",[C][C][Branch][:0benzene][pop][:0hydroxyl]
c1ccc2c(c1)cco2,[0],1,[0],"[0, 8, 8, 8, 8, 8, 8, 8]",[:0benzene][=Branch][C][=C][O][Ring1][=Branch][pop]
Cc1ccccc1,[0],0,[1],"[8, 0]",[C][:0benzene]
C1CC(=O)OC1=O,"[6, 2]",0,"[2, 4]","[8, 8, 6, 8, 2, 8, 8, 8, 8, 8]",[C][C][:1carboxyl][Ring1][:0carbonyl][Ring1][Ring1][=Branch][pop][pop]
C1C(O1)CO,[4],1,[8],"[8, 8, 8, 8, 8, 8, 8, 8, 4]",[C][C][Branch][O][Ring1][Ring1][pop][C][:0hydroxyl]
c1ccc(c(c1)C=C(C#N)C#N)Cl,"[0, 5, 5]",0,"[0, 8, 10]","[0, 8, 8, 8, 8, 8, 8, 8, 5, 8, 5, 8]",[:0benzene][Branch][Cl][pop][Ring1][C][=C][Branch][:0cyano][pop][:0cyano][pop]
c1ccc(cc1)C=O,"[0, 2]",1,"[0, 2]","[0, 8, 2, 8]",[:0benzene][Branch][:0carbonyl][pop]
c1ccc(cc1)C(=O)CCl,"[0, 2]",0,"[0, 2]","[0, 8, 2, 8, 8, 8, 8, 8]",[:0benzene][Branch][:0carbonyl][Ring1][C][Cl][pop][pop]
c1cc(oc1)C=O,[2],1,[9],"[8, 8, 8, 8, 8, 8, 8, 8, 8, 2]",[C][C][=C][Branch][O][C][=Ring1][Branch][pop][:0carbonyl]
c1ccc2c(c1)C(=O)c3c(cc(c(c3C2=O)N)Br)Br,"[0, 2, 0, 3, 2]",1,"[0, 2, 4, 12, 15]","[0, 8, 2, 8, 0, 8, 8, 8, 8, 8, 8, 8, 3, 8, 8, 2, 8, 8, 8, 8, 8, 8, 8, 8]",[:0benzene][=Branch][:0carbonyl][Ring1][:0benzene][Ring1][Br][pop][Ring2][Br][pop][Ring1][:0amido][pop][Ring1][:0carbonyl][Ring1][Ring2][Ring1][Ring1][pop][pop][pop][pop]
C(C(CCl)Cl)Cl,[],1,[],"[8, 8, 8, 8, 8, 8, 8, 8, 8, 8]",[C][Branch][C][Branch][C][Cl][pop][Cl][pop][Cl]
C([N+](=O)[O-])([N+](=O)[O-])([N+](=O)[O-])[N+](=O)[O-],"[1, 1, 1, 1]",1,"[2, 5, 8, 10]","[8, 8, 1, 8, 8, 1, 8, 8, 1, 8, 1]",[C][Branch][:0nitro][pop][Branch][:0nitro][pop][Branch][:0nitro][pop][:0nitro]
CC(Cc1ccccc1)N,"[0, 3]",0,"[4, 6]","[8, 8, 8, 8, 0, 8, 3]",[C][C][Branch][C][:0benzene][pop][:0amido]
C1CNC(=S)N1,[],1,[],"[8, 8, 8, 8, 8, 8, 8, 8, 8, 8]",[C][C][N][C][=Branch][=S][pop][N][Ring1][=Branch]
CC(=O)Nc1ccc(cc1)O,"[2, 0, 4]",0,"[1, 4, 6]","[8, 2, 8, 8, 0, 8, 4, 8, 8]",[C][:0carbonyl][Ring1][N][:0benzene][Branch][:0hydroxyl][pop][pop]
CCCN(CCC)S(=O)(=O)c1ccc(cc1)C(=O)O,"[0, 6]",1,"[16, 18]","[8, 8, 8, 8, 8, 8, 8, 8, 8, 8, 8, 8, 8, 8, 8, 8, 0, 8, 6, 8]",[C][C][C][N][Branch][C][C][C][pop][S][=Branch][=O][pop][=Branch][=O][pop][:0benzene][Branch][:1carboxyl][pop]
C(C(=O)O)Cl,[6],0,[2],"[8, 8, 6, 8, 8]",[C][Branch][:1carboxyl][pop][Cl]
c1c(cc(c(c1c2cc(cc(c2Br)Br)Br)Br)Br)Br,"[0, 0]",1,"[0, 11]","[0, 8, 8, 8, 8, 8, 8, 8, 8, 8, 8, 0, 8, 8, 8, 8, 8, 8, 8, 8, 8, 8]",[:0benzene][Ring1][Br][pop][Ring2][Br][pop][Ring1][Br][pop][Ring1][:0benzene][Ring2][Br][pop][Ring2][Br][pop][Ring1][Br][pop][pop]
C(C(CBr)Br)O,[4],1,[9],"[8, 8, 8, 8, 8, 8, 8, 8, 8, 4]",[C][Branch][C][Branch][C][Br][pop][Br][pop][:0hydroxyl]
c1cc(c(cc1N)N)O,"[0, 4, 3, 3]",0,"[0, 2, 5, 8]","[0, 8, 4, 8, 8, 3, 8, 8, 3, 8]",[:0benzene][Ring2][:0hydroxyl][pop][Ring1][:0amido][pop][Ring2][:0amido][pop]
c1ccoc1,[],1,[],"[8, 8, 8, 8, 8, 8, 8]",[C][C][=C][O][C][=Ring1][Branch]
c1cc(cc(c1)O)O,"[0, 4, 4]",0,"[0, 2, 5]","[0, 8, 4, 8, 8, 4, 8]",[:0benzene][Ring2][:0hydroxyl][pop][Ring2][:0hydroxyl][pop]
c1ccc(cc1)C2(C(=O)NC(=O)N2)c3ccccc3,"[0, 2, 2, 0]",1,"[0, 4, 7, 15]","[0, 8, 8, 8, 2, 8, 8, 2, 8, 8, 8, 8, 8, 8, 8, 0, 8]",[:0benzene][Branch][C][Branch][:0carbonyl][Ring1][N][:0carbonyl][Ring1][N][Ring1][#Branch][pop][pop][pop][:0benzene][pop]
C1CC(=O)OC1,[6],0,[2],"[8, 8, 6, 8, 8, 8, 8, 8]",[C][C][:1carboxyl][Ring1][C][Ring1][Branch][pop]
Cc1ccc(c(c1)[N+](=O)[O-])N=Nc2c3ccccc3ccc2O,"[0, 0, 4, 1]",0,"[1, 6, 12, 19]","[8, 0, 8, 8, 8, 8, 0, 8, 8, 8, 8, 8, 4, 8, 8, 8, 8, 8, 8, 1, 8]",[C][:0benzene][Branch][N][=N][C][:0benzene][#Branch][C][=C][C][Branch][:0hydroxyl][pop][=Ring1][=N][pop][pop][Ring1][:0nitro][pop]
COc1ccc(cc1N=Nc2c3ccccc3cc(c2O)C(=O)Nc4cccc(c4)[N+](=O)[O-])[N+](=O)[O-],"[0, 1, 0, 4, 2, 0, 1]",0,"[2, 4, 10, 17, 22, 25, 27]","[8, 8, 0, 8, 1, 8, 8, 8, 8, 8, 0, 8, 8, 8, 8, 8, 8, 4, 8, 8, 8, 8, 2, 8, 8, 0, 8, 1, 8, 8, 8, 8]",[C][O][:0benzene][Branch][:0nitro][pop][Ring2][N][=N][C][:0benzene][#Branch][C][=C][Branch][C][Branch][:0hydroxyl][pop][=Ring1][=N][pop][:0carbonyl][Ring1][N][:0benzene][=Branch][:0nitro][pop][pop][pop][pop]
c1cc(c(cc1N)S(=O)(=O)O[Na])C=Cc2ccc(cc2S(=O)(=O)O[Na])N,"[0, 0, 3, 3]",0,"[0, 4, 6, 32]","[0, 8, 8, 8, 0, 8, 3, 8, 8, 8, 8, 8, 8, 8, 8, 8, 8, 8, 8, 8, 8, 8, 8, 8, 8, 8, 8, 8, 8, 8, 8, 8, 3, 8]",[:0benzene][Ring2][C][=C][:0benzene][Branch][:0amido][pop][Ring2][S][=Branch][=O][pop][=Branch][=O][pop][O][NaH0][pop][pop][Ring1][S][=Branch][=O][pop][=Branch][=O][pop][O][NaH0][pop][Ring2][:0amido][pop]
COc1c(c(c(c(c1Cl)Cl)Cl)Cl)Cl,[0],0,[2],"[8, 8, 0, 8, 8, 8, 8, 8, 8, 8, 8, 8, 8, 8, 8, 8, 8, 8]",[C][O][:0benzene][Ring1][Cl][pop][Ring1][Cl][pop][Ring1][Cl][pop][Ring1][Cl][pop][Ring1][Cl][pop]
COc1ccccc1[N+](=O)[O-],"[0, 1]",1,"[2, 4]","[8, 8, 0, 8, 1, 8]",[C][O][:0benzene][#Branch][:0nitro][pop]
c1cc(c(cc1[N+](=O)[O-])O)N(CCO)CCO,"[0, 4, 4, 4, 1]",0,"[0, 6, 10, 13, 16]","[0, 8, 8, 8, 8, 8, 4, 8, 8, 8, 4, 8, 8, 4, 8, 8, 1, 8]",[:0benzene][Ring2][N][Branch][C][C][:0hydroxyl][pop][C][C][:0hydroxyl][pop][Ring1][:0hydroxyl][pop][Ring2][:0nitro][pop]
c1ccc(cc1)c2c(nc3c(n2)c(nc(n3)N)N)N,"[0, 3, 3, 3]",1,"[0, 22, 24, 26]","[0, 8, 8, 8, 8, 8, 8, 8, 8, 8, 8, 8, 8, 8, 8, 8, 8, 8, 8, 8, 8, 8, 3, 8, 3, 8, 3, 8]",[:0benzene][Branch][C][=C][Branch][N][=C][C][=Branch][=N][Ring1][=Branch][pop][C][=Branch][=N][C][=Branch][=N][Ring1][#Branch][pop][:0amido][pop][:0amido][pop][:0amido][pop]
c1ccc2c(c1)ccc(=O)o2,"[0, 6]",1,"[0, 4]","[0, 8, 8, 8, 6, 8, 8, 8, 8, 8]",[:0benzene][=Branch][C][=C][:1carboxyl][Ring1][Ring1][=Branch][pop][pop]
c1ccc2c(c1)CCC(=O)O2,"[0, 6]",1,"[0, 4]","[0, 8, 8, 8, 6, 8, 8, 8, 8, 8]",[:0benzene][=Branch][C][C][:1carboxyl][Ring1][Ring1][=Branch][pop][pop]
c1ccc(cc1)Cc2cc(ccc2O)Cl,"[0, 0, 4]",0,"[0, 3, 8]","[0, 8, 8, 0, 8, 8, 8, 8, 4, 8, 8]",[:0benzene][Branch][C][:0benzene][Ring2][Cl][pop][Branch][:0hydroxyl][pop][pop]
CC(CN1c2ccccc2Sc3c1cccc3)N(C)C,"[0, 0]",0,"[5, 8]","[8, 8, 8, 8, 8, 0, 8, 8, 0, 8, 8, 8, 8, 8, 8, 8, 8, 8, 8, 8]",[C][C][Branch][C][N][:0benzene][#Branch][S][:0benzene][Ring1][Ring1][=N][pop][pop][pop][N][Branch][C][pop][C]
c1cc2c(cc1c3ccc4c(c3)O[Cu]Oc5c6c(cc(cc6N)S(=O)(=O)O[Na])cc(c5N=N4)S(=O)(=O)O[Na])O[Cu]Oc7c8c(cc(cc8N)S(=O)(=O)O[Na])cc(c7N=N2)S(=O)(=O)O[Na],"[0, 0, 3, 0, 0, 3]",1,"[0, 5, 13, 48, 53, 61]","[0, 8, 8, 8, 8, 0, 8, 8, 8, 8, 8, 8, 8, 3, 8, 8, 8, 8, 8, 8, 8, 8, 8, 8, 8, 8, 8, 8, 8, 8, 8, 8, 8, 8, 8, 8, 8, 8, 8, 8, 8, 8, 8, 8, 8, 8, 8, 8, 0, 8, 8, 8, 8, 0, 8, 8, 8, 8, 8, 8, 8, 3, 8, 8, 8, 8, 8, 8, 8, 8, 8, 8, 8, 8, 8, 8, 8, 8, 8, 8, 8, 8, 8, 8, 8, 8, 8, 8, 8, 8, 8, 8, 8, 8, 8, 8]",[:0benzene][Branch][O][CuH0R1][O][:0benzene][Ring2][C][=C][Branch][C][=C][Branch][:0amido][pop][Ring1][N][pop][S][=Branch][=O][pop][=Branch][=O][pop][O][NaH0][pop][Ring2][S][=Branch][=O][pop][=Branch][=O][pop][O][NaH0][pop][Ring1][N][=N][Ring2][Ring2][Ring2][pop][pop][Ring2][:0benzene][=Branch][O][CuH0R1][O][:0benzene][Ring2][C][=C][Branch][C][=C][Branch][:0amido][pop][Ring1][N][pop][S][=Branch][=O][pop][=Branch][=O][pop][O][NaH0][pop][Ring2][S][=Branch][=O][pop][=Branch][=O][pop][O][NaH0][pop][Ring1][N][=N][Ring2][Ring2][Ring1][pop][pop][pop]
CC(=O)OCc1ccccc1,"[6, 0]",0,"[1, 4]","[8, 6, 8, 8, 0, 8]",[C][:1carboxyl][Ring1][C][:0benzene][pop]
Cc1ccccc1OP(=O)(Oc2ccccc2C)Oc3ccccc3C,"[0, 0, 0]",0,"[1, 10, 16]","[8, 0, 8, 8, 8, 8, 8, 8, 8, 8, 0, 8, 8, 8, 8, 8, 0, 8, 8, 8, 8]",[C][:0benzene][#Branch][O][P][=Branch][=O][pop][Branch][O][:0benzene][#Branch][C][pop][pop][O][:0benzene][#Branch][C][pop][pop]
Cc1cc(c(cc1Sc2cc(c(cc2C)O)C(C)(C)C)C(C)(C)C)O,"[0, 4, 0, 4]",0,"[1, 3, 17, 29]","[8, 0, 8, 4, 8, 8, 8, 8, 8, 8, 8, 8, 8, 8, 8, 8, 8, 0, 8, 8, 8, 8, 8, 8, 8, 8, 8, 8, 8, 4, 8, 8, 8, 8, 8]",[C][:0benzene][Ring2][:0hydroxyl][pop][Ring1][C][Branch][C][pop][Branch][C][pop][C][pop][Ring2][S][:0benzene][Ring2][C][Branch][C][pop][Branch][C][pop][C][pop][Ring1][:0hydroxyl][pop][Ring2][C][pop][pop]
CC(C)(C)O,[4],1,[8],"[8, 8, 8, 8, 8, 8, 8, 8, 4]",[C][C][Branch][C][pop][Branch][C][pop][:0hydroxyl]
C1(=C(C(C(=C1Cl)Cl)(Cl)Cl)Cl)Cl,[],0,[],"[8, 8, 8, 8, 8, 8, 8, 8, 8, 8, 8, 8, 8, 8, 8, 8, 8, 8, 8, 8, 8, 8, 8, 8, 8]",[C][=Branch][=C][Branch][C][Branch][C][=Branch][=C][Branch][Cl][pop][Ring1][Branch][pop][Cl][pop][Branch][Cl][pop][Cl][pop][Cl][pop][Cl]
CC(C)(C)CC(C)(C)c1ccc(cc1)OCCOCC[N+](C)(C)Cc2ccccc2,"[0, 0]",0,"[16, 32]","[8, 8, 8, 8, 8, 8, 8, 8, 8, 8, 8, 8, 8, 8, 8, 8, 0, 8, 8, 8, 8, 8, 8, 8, 8, 8, 8, 8, 8, 8, 8, 8, 0, 8]",[C][C][Branch][C][pop][Branch][C][pop][C][C][Branch][C][pop][Branch][C][pop][:0benzene][Branch][O][C][C][O][C][C][NH0+1][Branch][C][pop][Branch][C][pop][C][:0benzene][pop]
COC(=O)C(c1ccccc1)C2CCCCN2,"[6, 0]",1,"[1, 5]","[8, 6, 8, 8, 8, 0, 8, 8, 8, 8, 8, 8, 8, 8, 8, 8]",[C][:0carboxyl][Ring1][C][Branch][:0benzene][pop][C][C][C][C][C][N][Ring1][=Branch][pop]
c1cc(ccc1C(=O)O)[N+](=O)[O-],"[0, 1, 6]",0,"[0, 2, 5]","[0, 8, 1, 8, 8, 6, 8]",[:0benzene][Ring2][:0nitro][pop][Branch][:1carboxyl][pop]
CN1C2CC(CC1C3C2O3)OC(=O)C(CO)c4ccccc4,"[6, 4, 0]",0,"[22, 27, 29]","[8, 8, 8, 8, 8, 8, 8, 8, 8, 8, 8, 8, 8, 8, 8, 8, 8, 8, 8, 8, 8, 8, 6, 8, 8, 8, 8, 4, 8, 0, 8]",[C][N][C][C][C][Branch][C][C][Branch][C][C][Branch][O][Ring1][Ring1][pop][Ring1][#Branch][pop][Ring1][=Branch][pop][:0carboxyl][Ring1][C][Branch][C][:0hydroxyl][pop][:0benzene][pop]
CC#N,[5],0,[1],"[8, 5]",[C][:0cyano]
CC(C)CON=O,[],1,[],"[8, 8, 8, 8, 8, 8, 8, 8, 8]",[C][C][Branch][C][pop][C][O][N][=O]
C(=C(F)F)(F)F,[],1,[],"[8, 8, 8, 8, 8, 8, 8, 8, 8, 8, 8, 8]",[C][=Branch][=C][Branch][F][pop][F][pop][Branch][F][pop][F]
C(C(CO)(CBr)CBr)O,"[4, 4]",1,"[5, 14]","[8, 8, 8, 8, 8, 4, 8, 8, 8, 8, 8, 8, 8, 8, 4]",[C][Branch][C][Branch][C][:0hydroxyl][pop][Branch][C][Br][pop][C][Br][pop][:0hydroxyl]
CN1CCC23c4c5ccc(c4OC2C(C=CC3C1C5)O)OC,"[7, 0, 4]",0,"[4, 9, 30]","[8, 8, 8, 8, 7, 8, 8, 8, 8, 0, 8, 8, 8, 8, 8, 8, 8, 8, 8, 8, 8, 8, 8, 8, 8, 8, 8, 8, 8, 8, 4, 8]",[C][N][C][C][:4cyclohexene][=N][C][Branch][C][:1benzene][Branch][O][C][pop][Ring1][O][Ring2][Ring1][C][pop][pop][Ring1][P][pop][Branch][Ring1][->][O][pop][Branch][:0hydroxyl][pop]
CC1=CC(Nc2c1cccc2)(C)C,[0],0,[6],"[8, 8, 8, 8, 8, 8, 0, 8, 8, 8, 8, 8, 8, 8, 8, 8]",[C][C][=C][C][Branch][N][:0benzene][Ring1][Ring1][=Branch][pop][pop][Branch][C][pop][C]
c1ccnc(c1)NS(=O)(=O)c2ccc(cc2)N=Nc3ccc(c(c3)C(=O)O)O,"[0, 0, 4, 6]",1,"[18, 22, 24, 27]","[8, 8, 8, 8, 8, 8, 8, 8, 8, 8, 8, 8, 8, 8, 8, 8, 8, 8, 0, 8, 8, 8, 0, 8, 4, 8, 8, 6, 8, 8]",[C][=C][C][=N][C][=Branch][=C][Ring1][=Branch][pop][N][S][=Branch][=O][pop][=Branch][=O][pop][:0benzene][Branch][N][=N][:0benzene][Branch][:0hydroxyl][pop][Ring1][:1carboxyl][pop][pop]
CC(C)(C)c1cc(ccc1O)O,"[0, 4, 4]",0,"[8, 10, 13]","[8, 8, 8, 8, 8, 8, 8, 8, 0, 8, 4, 8, 8, 4, 8]",[C][C][Branch][C][pop][Branch][C][pop][:0benzene][Ring2][:0hydroxyl][pop][Branch][:0hydroxyl][pop]
C[N+](=O)[O-],[1],1,[1],"[8, 1]",[C][:0nitro]
Cc1cc(cc(c1)S(=O)(=O)O[Na])C,[0],0,[1],"[8, 0, 8, 8, 8, 8, 8, 8, 8, 8, 8, 8, 8, 8, 8, 8]",[C][:0benzene][Ring2][C][pop][Ring2][S][=Branch][=O][pop][=Branch][=O][pop][O][NaH0][pop]
c1ccc2c(c1)C(=O)OC2(c3ccc(cc3)O)c4ccc(cc4)O,"[0, 6, 0, 4, 0, 4]",1,"[0, 2, 6, 8, 12, 14]","[0, 8, 6, 8, 8, 8, 0, 8, 4, 8, 8, 8, 0, 8, 4, 8, 8, 8, 8, 8, 8]",[:0benzene][=Branch][:1carboxyl][Ring1][C][Branch][:0benzene][Branch][:0hydroxyl][pop][pop][Branch][:0benzene][Branch][:0hydroxyl][pop][pop][Ring1][=Branch][pop][pop]
CCc1ccccc1,[0],1,[2],"[8, 8, 0]",[C][C][:0benzene]
C=CC(=C)Cl,[],1,[],"[8, 8, 8, 8, 8, 8, 8]",[C][=C][C][=Branch][=C][pop][Cl]
c1ccncc1,[],1,[],"[8, 8, 8, 8, 8, 8, 8, 8]",[C][=C][C][=N][C][=C][Ring1][=Branch]
CC(C)C=O,[2],0,[5],"[8, 8, 8, 8, 8, 2]",[C][C][Branch][C][pop][:0carbonyl]
C[N+]1=C2C(=NC=[NH+]2)C(=O)[N+](C1=O)C,"[2, 2]",0,"[11, 15]","[8, 8, 8, 8, 8, 8, 8, 8, 8, 8, 8, 2, 8, 8, 8, 2, 8, 8, 8, 8, 8, 8, 8]",[C][NH0+1][=C][C][=Branch][=N][C][=NH1+1][Ring1][Branch][pop][:0carbonyl][Ring1][NH0+1][Branch][:0carbonyl][Ring1][Ring1][=C][pop][pop][C][pop]
C=CO,[4],0,[2],"[8, 8, 4]",[C][=C][:0hydroxyl]
C1CCOC1,[],1,[],"[8, 8, 8, 8, 8, 8, 8]",[C][C][C][O][C][Ring1][Branch]
CCC1(C(=O)NCNC1=O)c2ccccc2,"[2, 2, 0]",1,"[4, 9, 16]","[8, 8, 8, 8, 2, 8, 8, 8, 8, 2, 8, 8, 8, 8, 8, 8, 0]",[C][C][C][Branch][:0carbonyl][Ring1][N][C][N][:0carbonyl][Ring1][Ring1][O][pop][pop][pop][:0benzene]
CC(CCl)O,[4],0,[6],"[8, 8, 8, 8, 8, 8, 4]",[C][C][Branch][C][Cl][pop][:0hydroxyl]
C(CO)NCCO,"[4, 4]",1,"[3, 8]","[8, 8, 8, 4, 8, 8, 8, 8, 4]",[C][Branch][C][:0hydroxyl][pop][N][C][C][:0hydroxyl]
CCCCCCCCCCCCN(CCO)CCO,"[4, 4]",1,"[16, 20]","[8, 8, 8, 8, 8, 8, 8, 8, 8, 8, 8, 8, 8, 8, 8, 8, 4, 8, 8, 8, 4]",[C][C][C][C][C][C][C][C][C][C][C][C][N][Branch][C][C][:0hydroxyl][pop][C][C][:0hydroxyl]
CCCCCCCCC=CCCCCCCCC(=O)N(CC)CC,[2],0,[17],"[8, 8, 8, 8, 8, 8, 8, 8, 8, 8, 8, 8, 8, 8, 8, 8, 8, 2, 8, 8, 8, 8, 8, 8, 8, 8, 8]",[C][C][C][C][C][C][C][C][C][=C][C][C][C][C][C][C][C][:0carbonyl][Ring1][N][Branch][C][C][pop][C][C][pop]
c1cc(oc1)CO,[4],0,[10],"[8, 8, 8, 8, 8, 8, 8, 8, 8, 8, 4]",[C][C][=C][Branch][O][C][=Ring1][Branch][pop][C][:0hydroxyl]
CCCCOCCO,[4],1,[7],"[8, 8, 8, 8, 8, 8, 8, 4]",[C][C][C][C][O][C][C][:0hydroxyl]
CC(=C)C,[],0,[],"[8, 8, 8, 8, 8, 8]",[C][C][=Branch][=C][pop][C]
C(CC=O)CC=O,"[2, 2]",0,"[3, 6]","[8, 8, 8, 2, 8, 8, 2]",[C][Branch][C][:0carbonyl][pop][C][:0carbonyl]
COc1ccc(cc1OC)CC=C,[0],1,[2],"[8, 8, 0, 8, 8, 8, 8, 8, 8, 8, 8, 8]",[C][O][:0benzene][Branch][C][C][=C][pop][Ring2][O][C][pop]
Cc1cc2c(c(c1)O)C(=O)c3c(cc(cc3O)O)C2=O,"[0, 2, 0, 2, 4, 4, 4]",0,"[1, 3, 5, 7, 14, 17, 22]","[8, 0, 8, 2, 8, 0, 8, 2, 8, 8, 8, 8, 8, 8, 4, 8, 8, 4, 8, 8, 8, 8, 4, 8]",[C][:0benzene][Branch][:0carbonyl][Ring1][:0benzene][Ring1][:0carbonyl][Ring1][Ring1][P][pop][pop][Ring2][:0hydroxyl][pop][Ring2][:0hydroxyl][pop][pop][pop][Ring1][:0hydroxyl][pop]
c1ccc2c(c1)C(=O)c3ccccc3C2=O,"[0, 2, 0, 2]",1,"[0, 2, 4, 6]","[0, 8, 2, 8, 0, 8, 2, 8, 8, 8, 8, 8, 8, 8]",[:0benzene][=Branch][:0carbonyl][Ring1][:0benzene][#Branch][:0carbonyl][Ring1][Ring1][S][pop][pop][pop][pop]
CCCCC(C)C(C(CC(C)CC(CCCCC(CC(C(C)N)O)O)O)OC(=O)CC(CC(=O)O)C(=O)O)OC(=O)CC(CC(=O)O)C(=O)O,"[3, 4, 4, 4, 6, 6, 6, 6, 6, 6]",1,"[33, 35, 37, 39, 41, 47, 49, 52, 58, 60]","[8, 8, 8, 8, 8, 8, 8, 8, 8, 8, 8, 8, 8, 8, 8, 8, 8, 8, 8, 8, 8, 8, 8, 8, 8, 8, 8, 8, 8, 8, 8, 8, 8, 3, 8, 4, 8, 4, 8, 4, 8, 6, 8, 8, 8, 8, 8, 6, 8, 6, 8, 8, 6, 8, 8, 8, 8, 8, 6, 8, 6, 8]",[C][C][C][C][C][Branch][C][pop][C][Branch][C][Branch][C][C][Branch][C][pop][C][C][Branch][C][C][C][C][C][Branch][C][C][Branch][C][Branch][C][pop][:0amido][pop][:0hydroxyl][pop][:0hydroxyl][pop][:0hydroxyl][pop][:0carboxyl][Ring1][C][C][Branch][C][:1carboxyl][pop][:1carboxyl][pop][pop][:0carboxyl][Ring1][C][C][Branch][C][:1carboxyl][pop][:1carboxyl][pop]
P#[In],[],1,[],"[8, 8]",[P][#InH0]
c1cc(ccc1S(=O)(=O)c2ccc(cc2)Cl)Cl,"[0, 0]",0,"[0, 12]","[0, 8, 8, 8, 8, 8, 8, 8, 8, 8, 8, 8, 0, 8, 8, 8, 8]",[:0benzene][Ring2][Cl][pop][Branch][S][=Branch][=O][pop][=Branch][=O][pop][:0benzene][Branch][Cl][pop][pop]
